8D5U5524.png,0.3475540249385811,0.3675956662816705,0.38005823261928057,0.4627450980392157,0.4627450980392157,0.4588235294117647,2.2864747865404333
8D5U5525.png,0.4150518164089151,0.40409576417915416,0.3888727000864195,0.596078431372549,0.6078431372549019,0.6,1.6991010809260556
8D5U5526.png,0.36660439867808253,0.4078673803168828,0.4197891543720448,0.26666666666666666,0.3568627450980392,0.35294117647058826,4.1973305129915905
8D5U5527.png,0.40153337377416803,0.43289777873064816,0.4497181330819503,0.5254901960784314,0.5803921568627451,0.592156862745098,0.5824247413040584
8D5U5528.png,0.37069975611893713,0.413215511611784,0.43341933207460737,0.35294117647058826,0.4235294117647059,0.41568627450980394,1.918497180245256
8D5U5533.png,0.3826467097997673,0.3791789670285317,0.3713636594461047,0.4588235294117647,0.44313725490196076,0.4117647058823529,1.8427395096185255
8D5U5534.png,0.4492072163928807,0.4257430539092741,0.40467199401300114,0.4823529411764706,0.48627450980392156,0.48627450980392156,2.6364071433634177
8D5U5536.png,0.4301496031139923,0.41080113561636505,0.39440269177199216,0.5882352941176471,0.5529411764705883,0.47843137254901963,2.9214145893548387
8D5U5537.png,0.3929456207905572,0.4501528072965012,0.47463820264507145,0.37254901960784315,0.3764705882352941,0.3411764705882353,6.375160197902065
8D5U5538.png,0.40290839283888263,0.3884564292016116,0.371558485659066,0.3333333333333333,0.37254901960784315,0.36470588235294116,4.294058798863199
8D5U5539.png,0.4289328115107901,0.41327630504893886,0.397343151222519,0.6431372549019608,0.6823529411764706,0.6705882352941176,2.9373654902602877
8D5U5541.png,0.44934152069862937,0.42405490768199977,0.40124639397948914,0.803921568627451,0.796078431372549,0.788235294117647,2.186412010966452
8D5U5543.png,0.4284474796637955,0.40330870403408214,0.38110933838738653,0.3176470588235294,0.30196078431372547,0.2627450980392157,2.0022127415799296
8D5U5544.png,0.4101319393706079,0.41661768734110455,0.4082882819874591,0.4588235294117647,0.4117647058823529,0.3333333333333333,7.191570067172535
8D5U5545.png,0.4020236139534906,0.42343845387084683,0.4207924557603195,0.1843137254901961,0.27058823529411763,0.25882352941176473,7.80753462514585
8D5U5549.png,0.4038341166721271,0.4129487091781067,0.4130063655357272,0.3803921568627451,0.4627450980392157,0.48627450980392156,5.261023114012333
8D5U5550.png,0.34301886549206007,0.38114550010380255,0.40427700480704004,0.15294117647058825,0.23137254901960785,0.2901960784313726,10.207302980716648
8D5U5552.png,0.38719513639678305,0.39459591686458445,0.39414978744383555,0.403921568627451,0.4627450980392157,0.47058823529411764,3.3305910814131394
8D5U5553.png,0.43037137482066823,0.4084450482396433,0.38794828560266437,0.3058823529411765,0.32941176470588235,0.3176470588235294,3.6366452795092634
8D5U5555.png,0.4073458326265693,0.41680384799098885,0.4177722832282775,0.5568627450980392,0.5686274509803921,0.5529411764705883,0.8460440435476544
8D5U5556.png,0.3984227587491111,0.4076175475076716,0.4088963529621729,0.21176470588235294,0.2901960784313726,0.2980392156862745,7.651035713386286
8D5U5558.png,0.3682827925677923,0.4190418321811456,0.43475387584313613,0.24313725490196078,0.29411764705882354,0.28627450980392155,1.7320490396099029
8D5U5560.png,0.5952289614614524,0.5788029851746782,0.5675125857802844,0.592156862745098,0.6196078431372549,0.6,1.8412258673996924
8D5U5561.png,0.507346420952224,0.4833952343885575,0.46587077418135653,0.6784313725490196,0.6470588235294118,0.592156862745098,1.3391201695406598
8D5U5563.png,0.41219785698635536,0.3971546620861034,0.3796574489735014,0.4980392156862745,0.4745098039215686,0.44313725490196076,0.8118619576576269
8D5U5564.png,0.5672909521815417,0.5066836917812325,0.46818191249021845,0.8470588235294118,0.788235294117647,0.7490196078431373,1.6360959775283228
8D5U5565.png,0.4865011611243976,0.452775556723982,0.43075117974177435,0.8156862745098039,0.7568627450980392,0.6980392156862745,0.8511852020137057
8D5U5566.png,0.4464634916978283,0.4238053995528226,0.40674364600443885,0.803921568627451,0.7529411764705882,0.7176470588235294,0.4889208730644002
8D5U5567.png,0.23408312569819884,0.38412610695008503,0.4585819638902405,0.19215686274509805,0.38823529411764707,0.49019607843137253,4.538165495813083
8D5U5570.png,0.4233537421798042,0.4128487190380299,0.3972024271628761,0.7568627450980392,0.6901960784313725,0.6196078431372549,3.164019943565448
8D5U5571.png,0.1548584874436993,0.3406335935554185,0.44163067411457946,0.12549019607843137,0.3411764705882353,0.49411764705882355,4.731996136539048
8D5U5572.png,0.4490045697023477,0.41566309829668263,0.3915692878822969,0.5254901960784314,0.47058823529411764,0.42745098039215684,1.6168353436647505
8D5U5573.png,0.42197790103113836,0.41286856958787094,0.4032460087980179,0.7725490196078432,0.7333333333333333,0.6745098039215687,2.1190848489670695
8D5U5574.png,0.24073205317414564,0.3902627320738914,0.4552280923141056,0.5490196078431373,0.5568627450980392,0.5058823529411764,15.541693932499715
8D5U5576.png,0.42501067959526784,0.4330191531256484,0.42467705351037544,0.8980392156862745,0.8470588235294118,0.792156862745098,2.942753210153588
8D5U5577.png,0.4441320939499672,0.4253257217986561,0.407399205842149,0.611764705882353,0.5176470588235295,0.41568627450980394,6.8204773823271605
8D5U5578.png,0.24862418852145823,0.33453800287055546,0.38156009251276946,0.10980392156862745,0.1607843137254902,0.2,3.6835656572196456
8D5U5579.png,0.40024802140668636,0.38145863515601464,0.36291221372940813,0.6980392156862745,0.6666666666666666,0.592156862745098,1.7522029188026875
8D5U5580.png,0.37293726155436707,0.39559408619366726,0.40604949656692285,0.27058823529411763,0.3254901960784314,0.3686274509803922,5.117767066669064
8D5U5581.png,0.4048475829887157,0.38938475649766846,0.3726097672437965,0.3411764705882353,0.3254901960784314,0.3058823529411765,0.618205625543453
8D5U5582.png,0.3994336586417662,0.390201503663797,0.378705409866286,0.27450980392156865,0.2823529411764706,0.25882352941176473,1.482619093968605
8D5U5583.png,0.4090516469925747,0.4016675516861671,0.3944995530771698,0.615686274509804,0.5098039215686274,0.39215686274509803,9.383617653146246
8D5U5584.png,0.4025448332151625,0.38565164793725826,0.36894533165185406,0.4627450980392157,0.37254901960784315,0.30196078431372547,7.816439203341362
8D5U5585.png,0.37964134134667377,0.3917119633917273,0.39404031896500835,0.5411764705882353,0.44313725490196076,0.34509803921568627,11.111581502470841
8D5U5586.png,0.4375908071113708,0.4164918230286698,0.39796455469127556,0.5647058823529412,0.5372549019607843,0.49019607843137253,1.2093937689380398
8D5U5587.png,0.3541301476168031,0.36136207129765213,0.37199658833577903,0.26666666666666666,0.24313725490196078,0.20392156862745098,7.367647831227943
8D5U5588.png,0.3962740094286423,0.4168585010601092,0.4240227121056143,0.5019607843137255,0.48627450980392156,0.4588235294117647,3.6660520386165127
8D5U5589.png,0.46547843182977733,0.4435629202222908,0.4251457127525171,0.5058823529411764,0.47843137254901963,0.403921568627451,3.359919443768426
8D5U5592.png,0.4014436620342034,0.3833789206141153,0.3667942385311196,0.41568627450980394,0.396078431372549,0.34901960784313724,2.1622675166551892
8D5U5594.png,0.3471872219069114,0.35755348526184444,0.3641156663962505,0.28627450980392155,0.2784313725490196,0.2627450980392157,3.115070206500034
8D5U5596.png,0.21381946083105763,0.34647774363109973,0.4138708456306198,0.12156862745098039,0.2,0.25098039215686274,1.5529780228455516
8D5U5597.png,0.48357434650133096,0.45597007327317846,0.4386742404979749,0.4392156862745098,0.4588235294117647,0.47843137254901963,4.2939803220367345
8D5U5599.png,0.2362832823227723,0.3553615669303174,0.4179941339645337,0.2901960784313726,0.4745098039215686,0.5686274509803921,1.964315656538494
8D5U5600.png,0.2188871926624258,0.34999121844631964,0.42150119534718916,0.17254901960784313,0.3137254901960784,0.38823529411764707,2.801341450473569
8D5U5601.png,0.3647787934387484,0.3610319630512844,0.35434616355124515,0.3803921568627451,0.3803921568627451,0.3764705882352941,0.4367486207530179
8D5U5602.png,0.5818516777599306,0.5407564159499496,0.5018832863408221,0.6509803921568628,0.6901960784313725,0.6784313725490196,4.533657606514756
8D5U5604.png,0.3938492778825988,0.3845749017885432,0.3721590736539966,0.4117647058823529,0.4196078431372549,0.41568627450980394,1.5669965920629882
8D5U5606.png,0.4553189668521547,0.43417397696449106,0.41341009035875403,0.4117647058823529,0.44313725490196076,0.4392156862745098,3.9068067090825616
8D5U5607.png,0.4317009704924924,0.4315065975670491,0.4234599685699093,0.6,0.5764705882352941,0.5411764705882353,1.9525360891361843
8D5U5608.png,0.518810296371403,0.47702459198773256,0.4486770391635951,0.7254901960784313,0.6784313725490196,0.6078431372549019,1.0962454718483599
8D5U5611.png,0.1678199912362794,0.3576708663297449,0.4531056570719821,0.10980392156862745,0.3411764705882353,0.4980392156862745,7.0021128284255205
8D5U5613.png,0.17139089746000022,0.34583257573047843,0.438718322895745,0.1411764705882353,0.39215686274509803,0.5529411764705883,5.991889002731992
8D5U5615.png,0.1727006084213762,0.33268981132913233,0.4209180572481197,0.11764705882352941,0.2549019607843137,0.3686274509803922,4.707186801317546
8D5U5617.png,0.16651731657847837,0.32803326576947034,0.41834680447289785,0.1450980392156863,0.3215686274509804,0.4235294117647059,2.2957238584976376
8D5U5618.png,0.21104531890463535,0.35842231981898975,0.43515909952854265,0.30980392156862746,0.5019607843137255,0.592156862745098,1.4461698717718465
8D5U5620.png,0.1815758761885557,0.3689388688267423,0.4612524756259372,0.17647058823529413,0.4392156862745098,0.5607843137254902,3.2236834631534355
IMG_0281.png,0.33484980366668077,0.3338193026005589,0.32810146797290085,0.23137254901960785,0.23529411764705882,0.23137254901960785,0.5438285831184062
IMG_0283.png,0.4569538340330295,0.4422922241369204,0.43494755118963235,0.5058823529411764,0.48627450980392156,0.4823529411764706,0.21213791055852696
IMG_0284.png,0.5189992349658242,0.4555788514457756,0.42932383744605296,0.5647058823529412,0.45098039215686275,0.44313725490196076,2.2951921029684432
IMG_0285.png,0.4515445472401596,0.4395610414204896,0.4358004904065121,0.4235294117647059,0.4235294117647059,0.4235294117647059,0.8695800643071139
IMG_0286.png,0.3546690734805937,0.36352118832888725,0.3601891857631343,0.28627450980392155,0.29411764705882354,0.29411764705882354,0.2861387435250887
IMG_0287.png,0.35209880266218374,0.3567013208220649,0.3528947631086057,0.3607843137254902,0.37254901960784315,0.37254901960784315,0.7025284454681597
IMG_0290.png,0.30481680415583295,0.32427572784082254,0.33314803087696016,0.18823529411764706,0.2,0.19607843137254902,1.2937415644715802
IMG_0291.png,0.29717338232761065,0.3156794315833671,0.3263549070040602,0.16862745098039217,0.18823529411764706,0.1843137254901961,1.4297712276829677
IMG_0293.png,0.4083557706366441,0.3896189123045516,0.3725018500695191,0.34901960784313724,0.32941176470588235,0.2980392156862745,1.6048287128196925
IMG_0295.png,0.3535899030009154,0.34173997692818203,0.33166670222545147,0.2980392156862745,0.28627450980392155,0.2823529411764706,0.37385813531408896
IMG_0297.png,0.359203494166523,0.35434772578711177,0.34991051019546937,0.3176470588235294,0.30196078431372547,0.2901960784313726,1.5114792203706715
IMG_0298.png,0.37082312408572143,0.34332452616611003,0.32362769798046,0.1843137254901961,0.1803921568627451,0.17254901960784313,1.757222935835624
IMG_0300.png,0.48345086309284596,0.43640015262215515,0.4166356605281336,0.36470588235294116,0.3333333333333333,0.30196078431372547,1.2143323451819892
IMG_0302.png,0.32667905275168563,0.34356421155068384,0.34844352109413473,0.3333333333333333,0.34509803921568627,0.34901960784313724,0.4595378539858833
IMG_0303.png,0.39444306456108147,0.3751455105292332,0.3600321656925117,0.42745098039215684,0.403921568627451,0.38823529411764707,0.16198227044332442
IMG_0305.png,0.40295568658521613,0.3821311152689098,0.365423135837373,0.4235294117647059,0.42745098039215684,0.4196078431372549,2.135667492017003
IMG_0306.png,0.36068673325499934,0.33355997022248,0.3141079022457863,0.26666666666666666,0.24313725490196078,0.23529411764705882,0.6144819927340354
IMG_0307.png,0.38893247849480417,0.36954032321474595,0.353468124118792,0.39215686274509803,0.36470588235294116,0.3411764705882353,1.0178265213098086
IMG_0310.png,0.35472682517382037,0.3586080831710869,0.35652389992020256,0.3254901960784314,0.3215686274509804,0.3254901960784314,0.5650570128482262
IMG_0313.png,0.3500658334377419,0.35257325840483933,0.3490192519338675,0.34901960784313724,0.36470588235294116,0.37254901960784315,1.5905384074708295
IMG_0315.png,0.5167608918831235,0.46899069765754947,0.44682437239050093,0.6509803921568628,0.5882352941176471,0.5647058823529412,0.17111052536347737
IMG_0316.png,0.3241759610128453,0.3330577555500276,0.33430509210371895,0.2823529411764706,0.29411764705882354,0.3058823529411765,1.1952036085098485
IMG_0317.png,0.550029110098908,0.4961609742415817,0.4646306832379349,0.7607843137254902,0.6901960784313725,0.6588235294117647,0.5932009213858844
IMG_0320.png,0.4175715233254327,0.4085966773546482,0.39714793833246226,0.4235294117647059,0.3843137254901961,0.3568627450980392,2.880655151480572
IMG_0321.png,0.29390261404349177,0.30315867079566633,0.30674712874385424,0.2196078431372549,0.19607843137254902,0.1803921568627451,5.6585412926037435
IMG_0323.png,0.3755499543529468,0.3867762168689631,0.38665743422311116,0.4235294117647059,0.403921568627451,0.3764705882352941,3.421818588106796
IMG_0324.png,0.28984830049372196,0.3261107759868335,0.3491303042648294,0.43529411764705883,0.40784313725490196,0.37254901960784315,7.924587374265661
IMG_0325.png,0.4102044847413199,0.381343256972723,0.36030044891980634,0.48627450980392156,0.44313725490196076,0.4117647058823529,0.858804196927798
IMG_0327.png,0.42308745562466477,0.4095735329636476,0.40068654187980957,0.5882352941176471,0.5686274509803921,0.5450980392156862,0.5602225559313088
IMG_0328.png,0.38904311252867146,0.3774789702691567,0.3669582418725203,0.30980392156862746,0.29411764705882354,0.27058823529411763,1.8210879469572288
IMG_0329.png,0.3872279940831364,0.35523005684234993,0.3328200059464572,0.1803921568627451,0.17254901960784313,0.1607843137254902,1.0975598040850307
IMG_0334.png,0.405165922067887,0.37738130210698706,0.3559769595637001,0.44313725490196076,0.4235294117647059,0.41568627450980394,1.5339347746505492
IMG_0335.png,0.4888579332031675,0.4391553132700151,0.41989538930482423,0.5137254901960784,0.4549019607843137,0.42745098039215684,0.7426572835738066
IMG_0336.png,0.3521788738757873,0.34334188416236283,0.33627892817614113,0.24705882352941178,0.25098039215686274,0.24705882352941178,1.189601852364498
IMG_0337.png,0.3562756337968805,0.34274957659901784,0.3306224992801966,0.3843137254901961,0.3686274509803922,0.36470588235294116,0.6364229998677149
IMG_0340.png,0.3615028203180682,0.34765645130085737,0.33624330184967216,0.39215686274509803,0.3764705882352941,0.3607843137254902,0.270398651183967
IMG_0341.png,0.3825676829611335,0.3539404320199695,0.33422636383404547,0.4,0.3686274509803922,0.3333333333333333,1.175367366317292
IMG_0342.png,0.4834331488119972,0.4356685988675814,0.40479669469486734,0.792156862745098,0.7215686274509804,0.6901960784313725,0.9401805435873477
IMG_0343.png,0.5219919827298908,0.48436231437636607,0.46372763975941744,0.5137254901960784,0.5019607843137255,0.49019607843137253,1.7464866449387746
IMG_0344.png,0.4846603705495053,0.48059530682390966,0.4733566913285502,0.3803921568627451,0.33725490196078434,0.3137254901960784,4.066344272433979
IMG_0350.png,0.320111516571648,0.3328664207840213,0.3356277266006895,0.3568627450980392,0.3607843137254902,0.3568627450980392,1.10706605725577
IMG_0351.png,0.3589196829224677,0.3601758030403562,0.3558524865798248,0.5647058823529412,0.5647058823529412,0.5725490196078431,0.6570764983264525
IMG_0352.png,0.4427399914943248,0.41986298737732547,0.40705436108688287,0.5647058823529412,0.5215686274509804,0.5176470588235295,0.6743090988286224
IMG_0353.png,0.31961548414658525,0.3283618993628794,0.32968189151723076,0.38823529411764707,0.38823529411764707,0.39215686274509803,0.658808450403377
IMG_0355.png,0.45519378618654144,0.4678498851433327,0.4701351600476619,0.5176470588235295,0.4745098039215686,0.4470588235294118,4.255334264598589
IMG_0361.png,0.3615151106028353,0.3502767541407634,0.3379029530044317,0.21568627450980393,0.21568627450980393,0.20784313725490197,0.8483457011745162
IMG_0362.png,0.3552560583244633,0.3451031755082766,0.3375053420009705,0.1803921568627451,0.1843137254901961,0.1803921568627451,1.3805580094673608
IMG_0363.png,0.4350746976977675,0.4150410727549728,0.40146692032476244,0.4588235294117647,0.4470588235294118,0.44313725490196076,1.0680295887875906
IMG_0364.png,0.39922469527304516,0.3879617590630986,0.3757620787089041,0.3333333333333333,0.3137254901960784,0.29411764705882354,1.5062278703328833
IMG_0365.png,0.5487764936660499,0.48988966217941315,0.46574501270049934,0.6588235294117647,0.6470588235294118,0.6627450980392157,4.023436263419518
IMG_0366.png,0.4750090501807648,0.45193589350304264,0.44116065354533074,0.615686274509804,0.5882352941176471,0.6039215686274509,1.4137322429595633
IMG_0367.png,0.33198710866707803,0.34793993752546676,0.3513467459759704,0.40784313725490196,0.43529411764705883,0.4549019607843137,1.250123404266088
IMG_0368.png,0.34151860162220465,0.3476524998293742,0.3478319710920682,0.47058823529411764,0.47058823529411764,0.47843137254901963,0.45816027534627984
IMG_0370.png,0.3412773788862932,0.34528162017184333,0.34388497625065695,0.32941176470588235,0.32941176470588235,0.32941176470588235,0.2768099378743388
IMG_0372.png,0.34337864907013904,0.35152445955313777,0.3540732069221971,0.3607843137254902,0.3607843137254902,0.3568627450980392,0.9729946159279314
IMG_0374.png,0.44680029512583846,0.4110876725822916,0.3989060578353518,0.4666666666666667,0.4117647058823529,0.396078431372549,1.3021708765135693
IMG_0375.png,0.4610984510245125,0.4275622279647112,0.40133560551965397,0.6313725490196078,0.596078431372549,0.5725490196078431,0.9561174870101533
IMG_0376.png,0.45182946044628264,0.42764296463507234,0.4100742280440921,0.4980392156862745,0.4666666666666667,0.4588235294117647,0.5723750579651843
IMG_0378.png,0.4341694071027797,0.41434236680630043,0.40273915667730004,0.5529411764705883,0.5294117647058824,0.5098039215686274,0.21645748463201187
IMG_0379.png,0.3533316466141267,0.3532179836848691,0.35130889559685063,0.3803921568627451,0.3843137254901961,0.3843137254901961,0.3800838037920175
IMG_0380.png,0.3096801481809453,0.32176891176773803,0.3260230466370738,0.3058823529411765,0.30980392156862746,0.30980392156862746,0.9143085785774895
IMG_0382.png,0.43339670291695626,0.4027820284300374,0.38067349548308943,0.7137254901960784,0.6588235294117647,0.611764705882353,0.5766653607543761
IMG_0383.png,0.46118253072369164,0.41830876455074995,0.39227758698337056,0.3254901960784314,0.29411764705882354,0.2549019607843137,2.055410850929765
IMG_0384.png,0.4668497215894224,0.42853999909519097,0.4092492346751241,0.3333333333333333,0.3215686274509804,0.28627450980392155,1.652042797028889
IMG_0385.png,0.4564723633210214,0.44653148239007506,0.43473689931328435,0.7450980392156863,0.7450980392156863,0.7450980392156863,1.14138878982198
IMG_0386.png,0.39494212376419724,0.4143461249429245,0.4231049609861383,0.6784313725490196,0.6745098039215687,0.6666666666666666,2.030118038145093
IMG_0387.png,0.4459543961164824,0.42561945089330266,0.4083070431800663,0.7294117647058823,0.6862745098039216,0.6392156862745098,1.0285415125917228
IMG_0388.png,0.40341003174507306,0.3893500264240062,0.37676198680789064,0.6196078431372549,0.5490196078431373,0.49411764705882355,3.697238551584938
IMG_0389.png,0.4464243532395866,0.4232762690309032,0.40017071628783835,0.8549019607843137,0.803921568627451,0.7607843137254902,0.21648485202622772
IMG_0390.png,0.3849818911684273,0.35898279059278704,0.33996241962356927,0.6392156862745098,0.615686274509804,0.596078431372549,1.2889717036978277
IMG_0392.png,0.34654614573829495,0.34329045686157106,0.3403492578529555,0.20392156862745098,0.2,0.19607843137254902,0.49526341774367294
IMG_0394.png,0.47158484221354835,0.4453718843584627,0.433102594411736,0.4196078431372549,0.4196078431372549,0.4235294117647059,2.2364893926785374
IMG_0395.png,0.457281079968322,0.43527925461141437,0.42371665444971357,0.39215686274509803,0.3803921568627451,0.3764705882352941,0.8320760979696543
IMG_0396.png,0.37423415117051506,0.36090299092512135,0.3531682059784358,0.4392156862745098,0.4117647058823529,0.37254901960784315,2.5311867190127546
IMG_0398.png,0.35593137618835335,0.3598959505860836,0.3598403067897773,0.4823529411764706,0.4980392156862745,0.49411764705882355,0.4928873561750418
IMG_0399.png,0.34807119692743593,0.3364806674474158,0.32786008004326883,0.40784313725490196,0.4196078431372549,0.4196078431372549,2.1225404626943836
IMG_0400.png,0.3986488944644506,0.3776610871987488,0.3613489822864924,0.5490196078431373,0.5607843137254902,0.5647058823529412,2.9781767657736102
IMG_0401.png,0.32265256545250864,0.3214674909471661,0.3203281512613473,0.2627450980392157,0.25882352941176473,0.24313725490196078,1.7452592779273655
IMG_0402.png,0.32475458569767346,0.3343659355032862,0.3386890977620751,0.2627450980392157,0.2627450980392157,0.25882352941176473,1.3307789936885885
IMG_0403.png,0.36949830263945016,0.3648346722519128,0.35846064446645,0.4627450980392157,0.4549019607843137,0.4470588235294118,0.1165496911910609
IMG_0404.png,0.3316001935421816,0.33462088726882766,0.3331684082470421,0.396078431372549,0.4,0.4,0.1293949772809606
IMG_0407.png,0.3985269922508615,0.38944541603549016,0.37984909165429825,0.4745098039215686,0.43137254901960786,0.4235294117647059,1.909828417478679
IMG_0408.png,0.44415310293116045,0.4260593370667487,0.4073490326864636,0.7647058823529411,0.7254901960784313,0.6784313725490196,0.779161323854257
IMG_0409.png,0.4434852153324633,0.4304117160066674,0.41262898399502945,0.8784313725490196,0.8588235294117647,0.8392156862745098,0.6322181265602238
IMG_0410.png,0.3968322795280082,0.3904551776792149,0.38134440372927225,0.2627450980392157,0.29411764705882354,0.3137254901960784,5.052212600145424
IMG_0411.png,0.3498539936736297,0.3538221756881988,0.3517611591886476,0.28627450980392155,0.2901960784313726,0.28627450980392155,0.18657834891094466
IMG_0412.png,0.3911270925495792,0.37570801179503044,0.3599510172207423,0.5254901960784314,0.5019607843137255,0.47843137254901963,0.2513152400440236
IMG_0413.png,0.38429623978984684,0.36849998269769196,0.35484671571337106,0.41568627450980394,0.39215686274509803,0.3803921568627451,0.3894815814316888
IMG_0416.png,0.3369342420358534,0.3187250259409031,0.30798052641114027,0.32941176470588235,0.28627450980392155,0.25098039215686274,4.217416289611418
IMG_0417.png,0.3793820089188997,0.36265826133204326,0.3478520535287857,0.6588235294117647,0.5686274509803921,0.4980392156862745,4.49799766058055
IMG_0418.png,0.3650055181011746,0.34267036261899897,0.32832902946205034,0.18823529411764706,0.18823529411764706,0.17647058823529413,1.5356443761857572
IMG_0419.png,0.3305660930247824,0.3625707671394387,0.3790605289251778,0.45098039215686275,0.45098039215686275,0.4549019607843137,3.049742873382826
IMG_0420.png,0.39589931472605944,0.38655226789843283,0.374090437593878,0.33725490196078434,0.3137254901960784,0.2823529411764706,2.8071329033741046
IMG_0423.png,0.4072755164315524,0.38796079313638443,0.37198842253381426,0.32941176470588235,0.3137254901960784,0.30196078431372547,0.09807659611639571
IMG_0424.png,0.33972839216307893,0.3349777696901609,0.332033518736898,0.37254901960784315,0.36470588235294116,0.35294117647058826,0.7577096322035575
IMG_0425.png,0.36269855236445603,0.3479080510718925,0.3388296895976064,0.3686274509803922,0.34901960784313724,0.32941176470588235,1.0540280873987582
IMG_0426.png,0.3530061681070662,0.342211467512198,0.3351231129861677,0.32941176470588235,0.3215686274509804,0.30980392156862746,0.3775463876909398
IMG_0427.png,0.46573169153778404,0.4405198232608137,0.4206719411724823,0.6078431372549019,0.5725490196078431,0.5411764705882353,0.3413631222808863
IMG_0428.png,0.408306160277217,0.3972799274443002,0.38295153551064576,0.2823529411764706,0.2627450980392157,0.23137254901960785,3.1406558715263966
IMG_0429.png,0.34788129455818967,0.3885574140099635,0.4070892727052676,0.4549019607843137,0.4470588235294118,0.44313725490196076,4.336700012775892
IMG_0432.png,0.3886420947193957,0.37666345445056826,0.3631118265436788,0.4235294117647059,0.403921568627451,0.3843137254901961,0.6848635348892482
IMG_0433.png,0.413275288285406,0.3936182272012474,0.3777133633288102,0.07058823529411765,0.08235294117647059,0.0784313725490196,5.321890024476084
IMG_0434.png,0.3921631409222759,0.37231519817285297,0.35653258943527344,0.4627450980392157,0.43529411764705883,0.42745098039215684,0.5788591375681711
IMG_0435.png,0.36367982545593225,0.3546963649941315,0.34867262773015906,0.49019607843137253,0.4823529411764706,0.4745098039215686,0.25256075756295415
IMG_0437.png,0.34281070766620814,0.34399120016449836,0.344380483651863,0.33725490196078434,0.33725490196078434,0.3254901960784314,1.0332849716067372
IMG_0438.png,0.3518025548759127,0.37154902308365667,0.3782673309348413,0.3568627450980392,0.3686274509803922,0.3607843137254902,1.453964073614322
IMG_0439.png,0.4117555596128431,0.4017350538354552,0.3882403720219938,0.21568627450980393,0.19215686274509805,0.1607843137254902,5.388829195375629
IMG_0441.png,0.36473361049485525,0.3551687838362985,0.3453370303886272,0.22745098039215686,0.2196078431372549,0.20392156862745098,1.344777524746853
IMG_0442.png,0.40433628379263564,0.37432935730189304,0.35269874339328156,0.47058823529411764,0.42745098039215684,0.3843137254901961,1.540364727973422
IMG_0443.png,0.41362482734238354,0.3871104198477018,0.3660618682641611,0.5294117647058824,0.4627450980392157,0.403921568627451,3.4244090777125398
IMG_0444.png,0.32154417999535656,0.3447506708286799,0.35732195307389486,0.30196078431372547,0.2980392156862745,0.29411764705882354,3.095401538302094
IMG_0445.png,0.41492801770725257,0.39845086903791,0.38111892748808357,0.8470588235294118,0.7803921568627451,0.7137254901960784,2.004808024954216
IMG_0446.png,0.3692108724003498,0.35050755394213773,0.33290575044024795,0.6392156862745098,0.5568627450980392,0.4980392156862745,3.4477087073409445
IMG_0448.png,0.3755243630926929,0.3763298974995031,0.37237874156932377,0.5254901960784314,0.48627450980392156,0.43137254901960786,4.378557993060403
IMG_0450.png,0.37294836322830927,0.3607895547929933,0.35153357411733266,0.403921568627451,0.3843137254901961,0.3568627450980392,1.5458157119035745
IMG_0451.png,0.35528888360146627,0.3538080073594982,0.3509667655439096,0.3411764705882353,0.3215686274509804,0.2901960784313726,3.491327417725645
IMG_0452.png,0.35996750452049664,0.3453497478929962,0.333652407721343,0.3176470588235294,0.2980392156862745,0.2784313725490196,1.3030060774291905
IMG_0453.png,0.4352317418044263,0.4134075003403665,0.3977844217747081,0.5647058823529412,0.5098039215686274,0.4745098039215686,1.9959901877155322
IMG_0456.png,0.37614740674129254,0.3683166426455418,0.3592590448256635,0.24705882352941178,0.20392156862745098,0.1607843137254902,8.725977519363312
IMG_0457.png,0.42445612350590856,0.3900258467984715,0.36663166380919904,0.6470588235294118,0.5882352941176471,0.5372549019607843,0.9288750592418324
IMG_0460.png,0.32200534720280455,0.3359137351539718,0.34427876898050264,0.1450980392156863,0.1568627450980392,0.14901960784313725,1.8061310256131007
IMG_0461.png,0.3766236970203461,0.36980645159389264,0.3641852221643473,0.1803921568627451,0.20784313725490197,0.21176470588235294,4.738207474588367
IMG_0462.png,0.38811923659596514,0.394442841583237,0.3937962009035315,0.34901960784313724,0.38823529411764707,0.41568627450980394,3.716137425927001
IMG_0463.png,0.2776518690204906,0.3242832634047149,0.35494049287098217,0.12941176470588237,0.15294117647058825,0.1803921568627451,2.273181092369993
IMG_0464.png,0.28723916284846074,0.33621919224889163,0.36674892893344085,0.26666666666666666,0.2627450980392157,0.2549019607843137,6.6912840265874465
IMG_0465.png,0.3451793652016001,0.35406554833474835,0.3568295826040775,0.08627450980392157,0.09411764705882353,0.08627450980392157,2.282172138340611
IMG_0467.png,0.3642886607080009,0.3481478915212106,0.33510433663709815,0.20392156862745098,0.1803921568627451,0.1568627450980392,4.12655226279254
IMG_0468.png,0.32362849713525293,0.3405911562887864,0.3486868607188652,0.4,0.42745098039215684,0.4392156862745098,0.4600693431670872
IMG_0469.png,0.42669676051104527,0.40007776049746585,0.379324747752466,0.3803921568627451,0.3333333333333333,0.2901960784313726,3.525468758314136
IMG_0470.png,0.3392650653754973,0.34518731325473806,0.348356954037783,0.5372549019607843,0.5529411764705883,0.5529411764705883,0.28360635809448975
IMG_0471.png,0.45381304461975674,0.43758160576242655,0.4170542743478624,0.8235294117647058,0.8196078431372549,0.8352941176470589,2.347901634672753
IMG_0472.png,0.3385554613564664,0.345147899575166,0.34778686622519045,0.5019607843137255,0.5019607843137255,0.5019607843137255,0.6469014275437174
IMG_0474.png,0.48692283171501133,0.4563148857809019,0.4359155831595787,0.4980392156862745,0.4588235294117647,0.47843137254901963,2.1265503550025584
IMG_0477.png,0.39693001999173183,0.40619159096533547,0.4045396360535335,0.3568627450980392,0.3686274509803922,0.3764705882352941,0.8362561644399594
IMG_0479.png,0.420875074888404,0.4094406739507084,0.40466028042981805,0.42745098039215684,0.4392156862745098,0.4392156862745098,1.659293364135874
IMG_0481.png,0.35717030354667595,0.3671738594036851,0.36601540296414936,0.25882352941176473,0.28627450980392155,0.2980392156862745,2.7120672339664242
IMG_0482.png,0.4930671234320993,0.42640631585919875,0.39251801276100223,0.23529411764705882,0.13333333333333333,0.12156862745098039,12.128997454172465
IMG_0484.png,0.47205078908566633,0.42683071367607134,0.3960355208125884,0.6745098039215687,0.6235294117647059,0.5764705882352941,0.5775525301429795
IMG_0485.png,0.4457846418120881,0.4131713647796233,0.38957447402325956,0.2784313725490196,0.3058823529411765,0.2980392156862745,5.0873616944457
IMG_0486.png,0.48430865765632825,0.4439782159904031,0.42250604627862753,0.30196078431372547,0.30196078431372547,0.27450980392156865,2.092501862123565
IMG_0487.png,0.5453624212199704,0.4759654785443656,0.4458864778060307,0.4549019607843137,0.4117647058823529,0.40784313725490196,2.163260524228224
IMG_0488.png,0.3915141360529867,0.40236769965434566,0.3982341671205755,0.2784313725490196,0.3215686274509804,0.36470588235294116,5.8771629906889755
IMG_0489.png,0.4618289627181775,0.42537542848052173,0.3986374089919702,0.43529411764705883,0.3843137254901961,0.3607843137254902,1.1638978286703308
IMG_0490.png,0.4322894597524734,0.4289248175120313,0.4188385999882479,0.2784313725490196,0.26666666666666666,0.23921568627450981,2.830262950309077
IMG_0492.png,0.35922333877870055,0.3579034612141455,0.35344490734274825,0.3686274509803922,0.37254901960784315,0.37254901960784315,0.626292260112398
IMG_0493.png,0.3289067608438893,0.33613181289842703,0.3362625151844601,0.2235294117647059,0.22745098039215686,0.2235294117647059,0.5473492705081707
IMG_0494.png,0.3686924242527519,0.3880706351960392,0.39371531377733315,0.3843137254901961,0.43529411764705883,0.4745098039215686,3.3550327531633446
IMG_0495.png,0.38308753526753747,0.37224219957204085,0.36487939727830854,0.7294117647058823,0.6588235294117647,0.596078431372549,3.564256137398513
IMG_0496.png,0.35534191986710467,0.350724811398132,0.34744302257163306,0.3607843137254902,0.3607843137254902,0.34509803921568627,0.8212136222354098
IMG_0497.png,0.4234078449644792,0.3948398078576946,0.37125084550956955,0.6235294117647059,0.5490196078431373,0.49411764705882355,2.378014494184502
IMG_0498.png,0.41779438546233105,0.3965651618843017,0.38058991447353335,0.4588235294117647,0.43529411764705883,0.41568627450980394,0.1382773839462608
IMG_0500.png,0.38939879311312914,0.37046934773150897,0.35373389719007486,0.592156862745098,0.5490196078431373,0.5058823529411764,1.4266716048464754
IMG_0501.png,0.45214969967674923,0.41365863090222865,0.38920851903533565,0.5058823529411764,0.47058823529411764,0.43529411764705883,0.4525299047473002
IMG_0502.png,0.3334726910202131,0.3495067534256778,0.361380115651325,0.5098039215686274,0.44313725490196076,0.39215686274509803,8.013548441303916
IMG_0503.png,0.4050015581600724,0.39608001822422734,0.3844908070758281,0.5137254901960784,0.5294117647058824,0.5294117647058824,1.9391688103118538
IMG_0504.png,0.3866298189031271,0.39378694955158317,0.39784593996284934,0.49019607843137253,0.5098039215686274,0.5254901960784314,0.9551423242150284
IMG_0505.png,0.3857858355425378,0.36638219493799795,0.34893799946968557,0.23137254901960785,0.22745098039215686,0.21568627450980393,0.8981589581047816
IMG_0506.png,0.3829556691569163,0.3601906805782682,0.34344383552707164,0.42745098039215684,0.4117647058823529,0.39215686274509803,0.644803209795695
IMG_0507.png,0.36806573924131153,0.3665010459720339,0.36107258670241377,0.1803921568627451,0.1803921568627451,0.16862745098039217,1.3444664478050068
IMG_0508.png,0.38274081878331834,0.37452562601795913,0.3649093929777695,0.403921568627451,0.35294117647058826,0.30980392156862746,5.064731925693048
IMG_0511.png,0.3732513045679461,0.3498244173182997,0.3323803912999358,0.4627450980392157,0.41568627450980394,0.3803921568627451,1.8714929466208239
IMG_0513.png,0.4197757017005324,0.40024745635229875,0.3861838151934134,0.49411764705882355,0.47843137254901963,0.4588235294117647,0.3697572076916778
IMG_0514.png,0.35239141661199014,0.3373937645226203,0.32115975291167587,0.396078431372549,0.3254901960784314,0.26666666666666666,6.964635091369645
IMG_0515.png,0.43813830739020426,0.41286002316789655,0.3937631384860468,0.44313725490196076,0.396078431372549,0.3333333333333333,4.109756953158683
IMG_0516.png,0.5632257150892309,0.4840557129828264,0.4412300982407124,0.8117647058823529,0.6745098039215687,0.7254901960784313,3.8726352820745626
IMG_0517.png,0.4519529150970509,0.4154625109810242,0.39328668103877484,0.5294117647058824,0.4980392156862745,0.47058823529411764,0.6192596272285141
IMG_0519.png,0.3704177825617787,0.3559508306179415,0.3449093088799465,0.4196078431372549,0.4196078431372549,0.4117647058823529,1.288852291453251
IMG_0520.png,0.36363039091703,0.3779287926142776,0.3766457317516733,0.18823529411764706,0.20392156862745098,0.21176470588235294,1.9155186162379167
IMG_0521.png,0.49143844238464246,0.4520766963300493,0.4245074587346598,0.4823529411764706,0.47058823529411764,0.43137254901960786,1.42892673238634
IMG_0522.png,0.36047505349081865,0.3603349012197358,0.3539322082460328,0.3568627450980392,0.3607843137254902,0.3607843137254902,0.6881063094137938
IMG_0523.png,0.47319308892706313,0.4493070279192285,0.4312174887628546,0.6078431372549019,0.6078431372549019,0.6039215686274509,2.0403291689304464
IMG_0524.png,0.5416962702686978,0.4659601461801984,0.43250035052749525,0.803921568627451,0.7372549019607844,0.6901960784313725,1.9213508098828032
IMG_0525.png,0.39311975871746396,0.39056808224450534,0.38433498434211677,0.6078431372549019,0.5607843137254902,0.5176470588235295,3.227930765427425
IMG_0526.png,0.34619249004995906,0.3416562942138087,0.3379509748776849,0.2901960784313726,0.29411764705882354,0.28627450980392155,0.6309238633713228
IMG_0527.png,0.46343436511111236,0.44300100362502187,0.42554887557410787,0.48627450980392156,0.4823529411764706,0.4823529411764706,1.8055490046233877
IMG_0529.png,0.5281874832878513,0.4539594307168011,0.4230093810519258,0.615686274509804,0.5098039215686274,0.4823529411764706,0.9152498675834587
IMG_0530.png,0.43958267857290945,0.4178112329498198,0.4006513234104556,0.5411764705882353,0.5176470588235295,0.47843137254901963,0.8904629200682769
IMG_0531.png,0.46731114704681953,0.46287226540544435,0.45306729002052587,0.5137254901960784,0.5568627450980392,0.596078431372549,4.186139554546877
IMG_0533.png,0.39445527134666,0.39595613243594935,0.38900643496693854,0.5176470588235295,0.5254901960784314,0.5294117647058824,0.8699862875943976
IMG_0534.png,0.4316576026114936,0.4378159516681055,0.4355980659416268,0.6352941176470588,0.6431372549019608,0.6470588235294118,0.28025690249026985
IMG_0538.png,0.32469957701430213,0.3449047436486071,0.3551061570300634,0.2784313725490196,0.3215686274509804,0.33725490196078434,2.4443198891419424
IMG_0539.png,0.30247353806160193,0.33822963580631404,0.36237489131375994,0.13333333333333333,0.17647058823529413,0.20392156862745098,5.421247176706278
IMG_0540.png,0.3203033788062209,0.3526769601581483,0.36749010018293604,0.2549019607843137,0.2980392156862745,0.32941176470588235,2.729262871992511
IMG_0542.png,0.21923660286859203,0.30259253417877313,0.3591760217372081,0.17647058823529413,0.2627450980392157,0.3411764705882353,3.5777981766061613
IMG_0544.png,0.2683664642227577,0.3734896410405325,0.43184143469389547,0.30980392156862746,0.4666666666666667,0.5764705882352941,3.0296604050787526
IMG_0546.png,0.3607807066185956,0.35393532546126905,0.34464635644692165,0.1411764705882353,0.1568627450980392,0.1568627450980392,3.7217697192656214
IMG_0547.png,0.3737238478093907,0.3822384059677941,0.38924639417860607,0.42745098039215684,0.42745098039215684,0.4117647058823529,1.8743917485546762
IMG_0550.png,0.22398680592068948,0.3150040628321614,0.3645192785470808,0.23137254901960785,0.2823529411764706,0.42745098039215684,6.742656213758169
IMG_0551.png,0.3174613694527375,0.33579523468878686,0.3472658443763426,0.17647058823529413,0.18823529411764706,0.21568627450980393,2.974706159807029
IMG_0552.png,0.3739228922023722,0.3612906510402521,0.3479472493942951,0.06274509803921569,0.09803921568627451,0.11764705882352941,15.41192599924209
IMG_0553.png,0.25968390300866695,0.3319516147385837,0.37536186323740284,0.21568627450980393,0.37254901960784315,0.4588235294117647,7.670383682867256
IMG_0554.png,0.2507829318083443,0.329438253247513,0.3747805992880046,0.3607843137254902,0.4588235294117647,0.5254901960784314,0.6848726558306836
IMG_0555.png,0.2862761628524254,0.359852481169848,0.39698585182804635,0.4235294117647059,0.5882352941176471,0.6901960784313725,3.456075558449245
IMG_0556.png,0.1995408681415903,0.3150802863322283,0.37991267005088425,0.35294117647058826,0.5372549019607843,0.6705882352941176,0.9527641578773122
IMG_0558.png,0.27169604677634873,0.32749831410077646,0.36115934027521934,0.14901960784313725,0.1803921568627451,0.2196078431372549,2.86379913474879
IMG_0559.png,0.410188398218635,0.39354099347345034,0.37936517289653027,0.47843137254901963,0.43529411764705883,0.4549019607843137,1.8774928328745024
IMG_0560.png,0.2894959855615616,0.3375197515854593,0.3624047435579023,0.5098039215686274,0.6666666666666666,0.7725490196078432,4.2189768430367804
IMG_0562.png,0.31898834151981675,0.34219683240636056,0.3565921639581928,0.058823529411764705,0.10196078431372549,0.12941176470588237,14.10338024081146
IMG_0563.png,0.33729388915026376,0.34934970667675364,0.36087271824217043,0.18823529411764706,0.1803921568627451,0.15294117647058825,6.491054779897694
IMG_0565.png,0.1920104816332332,0.3240550045690802,0.39830360014214383,0.16470588235294117,0.23921568627450981,0.2980392156862745,2.834093142711866
IMG_0566.png,0.273202643941813,0.32111989563296317,0.3518144044725944,0.050980392156862744,0.08235294117647059,0.08627450980392157,6.790070528623899
IMG_0567.png,0.1275439159090032,0.27043899298116136,0.36013438503852235,0.17254901960784313,0.2627450980392157,0.35294117647058826,5.605419834442882
IMG_0568.png,0.37985656910339505,0.3716451502815931,0.36018389104684756,0.09803921568627451,0.10588235294117647,0.10588235294117647,3.150648717830932
IMG_0570.png,0.3706571392739464,0.35857782066466976,0.3474882714679071,0.18823529411764706,0.18823529411764706,0.1843137254901961,1.068140943082487
IMG_0571.png,0.3685049044996265,0.37337456128917423,0.37143583659037593,0.07450980392156863,0.09019607843137255,0.09019607843137255,4.691557481407512
IMG_0572.png,0.36167598370891163,0.3465918457290442,0.3325446500670081,0.2627450980392157,0.2627450980392157,0.25098039215686274,1.1127097425365085
IMG_0574.png,0.28555627820464036,0.3695804085147686,0.40905997640027847,0.28627450980392155,0.3764705882352941,0.396078431372549,1.3120455156308752
IMG_0575.png,0.2765142161527657,0.3618344147451289,0.4034189389598511,0.27058823529411763,0.3411764705882353,0.3333333333333333,4.1794451068697285
IMG_0576.png,0.32946280689561436,0.3515726733890069,0.36390752864113285,0.20784313725490197,0.26666666666666666,0.30980392156862746,6.747458405188763
IMG_0577.png,0.21432918456884942,0.3014435424376493,0.3554912121501912,0.12941176470588237,0.20784313725490197,0.27058823529411763,4.68108824394874
IMG_0578.png,0.2860961908794225,0.3648383158903085,0.4028058122578166,0.06274509803921569,0.12156862745098039,0.16470588235294117,11.957931757407358
IMG_0581.png,0.27006282295278194,0.3158504870900779,0.3471807806198666,0.21176470588235294,0.32941176470588235,0.42745098039215684,9.475363004301121
IMG_0585.png,0.3942493563827868,0.3722398853586058,0.35941703326868313,0.3686274509803922,0.3411764705882353,0.3215686274509804,1.0287998485500258
IMG_0587.png,0.2545752185190769,0.3185275110101317,0.3592868595697969,0.1450980392156863,0.23137254901960785,0.3137254901960784,8.860679479587047
IMG_0588.png,0.24229763032612717,0.3346536898332293,0.38371523524878925,0.24313725490196078,0.34509803921568627,0.43529411764705883,3.0407438959806035
IMG_0589.png,0.23330137028610892,0.3071926910211429,0.35678069454758055,0.27450980392156865,0.38823529411764707,0.4823529411764706,2.9932026499051805
IMG_0592.png,0.2748790433816432,0.3522303850278668,0.3991672291255791,0.1843137254901961,0.3333333333333333,0.403921568627451,8.10850892771947
IMG_0593.png,0.2622920225548298,0.3516048151360316,0.39382001048432286,0.44313725490196076,0.5803921568627451,0.6823529411764706,1.2358573263680757
IMG_0595.png,0.21600504607045704,0.29325360287600705,0.34482593498778513,0.12156862745098039,0.19607843137254902,0.2549019607843137,5.453300917541707
IMG_0596.png,0.25481125779397623,0.35726422223297394,0.40736644523685195,0.2196078431372549,0.35294117647058826,0.43137254901960786,4.098000338407545
IMG_0597.png,0.4570672163801591,0.4266881468063787,0.400740730285562,0.396078431372549,0.3568627450980392,0.3843137254901961,3.2405652309092456
IMG_0598.png,0.4142266486440488,0.41720088374497943,0.41434533918989647,0.6549019607843137,0.6549019607843137,0.6196078431372549,1.402928565424269
IMG_0600.png,0.24343970735783765,0.29765335817687255,0.3350426732674364,0.07450980392156863,0.12941176470588237,0.16862745098039217,9.930293568274722
IMG_0601.png,0.22778383236749994,0.3223479147260291,0.3784360443382183,0.15294117647058825,0.24705882352941178,0.3215686274509804,4.768537860263083
IMG_0603.png,0.26494993511697895,0.3133934016611307,0.344759899354277,0.1803921568627451,0.23137254901960785,0.26666666666666666,2.813561512020619
IMG_0605.png,0.402800992027809,0.3814163760632153,0.36453208382723995,0.4392156862745098,0.4117647058823529,0.403921568627451,0.5974141659668073
IMG_0606.png,0.3441447752693719,0.32800193372182873,0.31772595915778107,0.19607843137254902,0.16862745098039217,0.1450980392156863,5.1107282982917175
IMG_0607.png,0.3371372052426199,0.3611778865852983,0.3713348179285936,0.1568627450980392,0.23921568627450981,0.2784313725490196,10.396091992345955
IMG_0608.png,0.19804821167512593,0.3001082707465083,0.36203553650329323,0.1568627450980392,0.2549019607843137,0.34901960784313724,4.365945886701855
IMG_0609.png,0.38024211103393823,0.36211755858553196,0.3472884612008993,0.3254901960784314,0.3058823529411765,0.28627450980392155,0.8833998213877865
IMG_0610.png,0.23084947825936164,0.3233183990289648,0.3785418084407106,0.23529411764705882,0.29411764705882354,0.3333333333333333,3.1253816013527853
IMG_0611.png,0.25756361110200215,0.33586466837004414,0.37444402378640057,0.3764705882352941,0.403921568627451,0.43137254901960786,5.488393738199745
IMG_0612.png,0.34794741114668937,0.3833855786198249,0.3982932739846856,0.2627450980392157,0.36470588235294116,0.4,6.438337184601526
IMG_0613.png,0.16424596324877155,0.2718341538560978,0.3430951163448316,0.16470588235294117,0.2,0.2627450980392157,6.029457345493735
IMG_0615.png,0.3379661422899166,0.36133614598528585,0.3716106102071315,0.33725490196078434,0.34901960784313724,0.3568627450980392,0.9487687603582384
IMG_0616.png,0.25928956825602056,0.3510418131633992,0.4058552587852777,0.10196078431372549,0.13725490196078433,0.15294117647058825,1.1156346212144448
IMG_0617.png,0.45207044688555953,0.46008591293919787,0.46369053778295155,0.5294117647058824,0.6313725490196078,0.7215686274509804,6.534933559839959
IMG_0618.png,0.19698511618115327,0.30847901139364886,0.3749176580896495,0.2235294117647059,0.34509803921568627,0.4117647058823529,0.6978161552982997
IMG_0619.png,0.20124475666230254,0.2959360022327234,0.35472534947318707,0.22745098039215686,0.33725490196078434,0.45098039215686275,3.206613639745488
IMG_0620.png,0.2559151321107084,0.32434529306535137,0.36749487686160676,0.23137254901960785,0.3333333333333333,0.4392156862745098,6.145750432415803
IMG_0622.png,0.2511834722744827,0.32572191408415396,0.37038114210612816,0.3333333333333333,0.44313725490196076,0.5529411764705883,2.95934148891892
IMG_0623.png,0.21342298469286392,0.2946459329806902,0.34538553914672576,0.13333333333333333,0.20784313725490197,0.2784313725490196,5.408569528446706
IMG_0624.png,0.3107402539282719,0.34841525406726603,0.3634670938666852,0.17254901960784313,0.20784313725490197,0.21568627450980393,1.7419517421250563
IMG_0625.png,0.257581900722079,0.353156187811727,0.4056225719821977,0.3137254901960784,0.396078431372549,0.4745098039215686,1.6984210036985161
IMG_0626.png,0.22047854614289986,0.29880933559747436,0.34816812737549907,0.0784313725490196,0.10588235294117647,0.13333333333333333,2.1848964835762863
IMG_0627.png,0.36220634263545815,0.3459520601100175,0.33325472170536546,0.12156862745098039,0.13333333333333333,0.12941176470588237,3.826441719650547
IMG_0628.png,0.34506622532995274,0.34246606959765646,0.3393290016431223,0.27058823529411763,0.27058823529411763,0.25882352941176473,0.8598549947210719
IMG_0629.png,0.23368054981254938,0.35216710311621546,0.4047321379083642,0.2,0.3333333333333333,0.45098039215686275,5.764427603258091
IMG_0630.png,0.20799756520048673,0.2938241928858483,0.34794849020068996,0.08627450980392157,0.1568627450980392,0.21176470588235294,7.263709245913153
IMG_0631.png,0.25421475252749925,0.35610335055292563,0.410433136314425,0.3215686274509804,0.4627450980392157,0.5686274509803921,2.1534398597340716
IMG_0632.png,0.20588235557152296,0.33114473895462315,0.3974540568576581,0.10588235294117647,0.18823529411764706,0.2549019607843137,4.508035443168512
IMG_0633.png,0.3891758872926221,0.38523552485850726,0.3769458976842318,0.2549019607843137,0.3215686274509804,0.35294117647058826,8.221062906352646
IMG_0634.png,0.3287824556658826,0.34427931236534226,0.35564536213136294,0.2196078431372549,0.24705882352941178,0.27450980392156865,3.355910640510411
IMG_0635.png,0.3590338371550305,0.36117032587983544,0.36019378137753455,0.2784313725490196,0.3607843137254902,0.40784313725490196,8.62015796734347
IMG_0636.png,0.3614766735022648,0.3661100613320917,0.3645408067410983,0.1607843137254902,0.1568627450980392,0.15294117647058825,1.385498656069406
IMG_0637.png,0.34374743748169456,0.3288472077077554,0.31807482262127884,0.16470588235294117,0.1607843137254902,0.1568627450980392,0.6977129402459633
IMG_0661.png,0.3344526094244522,0.34081369160801694,0.34437975003059174,0.2901960784313726,0.27450980392156865,0.26666666666666666,2.713534251498776
IMG_0666.png,0.3454812902674273,0.3501207666109872,0.3477410720465747,0.22745098039215686,0.23137254901960785,0.22745098039215686,0.24366030742273978
IMG_0670.png,0.39357991683524457,0.3996756015047823,0.4042842262155598,0.2980392156862745,0.3411764705882353,0.35294117647058826,3.473799190727277
IMG_0671.png,0.3691458226424734,0.36648840775142194,0.36039472428731495,0.5490196078431373,0.5098039215686274,0.4823529411764706,2.51047316073331
IMG_0672.png,0.40221436268003397,0.398714454560302,0.3911521791304614,0.41568627450980394,0.4235294117647059,0.41568627450980394,0.7481158994979196
IMG_0673.png,0.3351815782357743,0.34513943393049135,0.3536704350441251,0.4,0.4,0.4,1.2558058134509187
IMG_0675.png,0.4531662180961852,0.43532060382133725,0.4166191447376952,0.6392156862745098,0.615686274509804,0.592156862745098,0.1790071167348071
IMG_0676.png,0.40475287384706327,0.3961456720870493,0.3920411149027536,0.49019607843137253,0.47058823529411764,0.4470588235294118,1.4263840113055273
IMG_0677.png,0.4210541476666265,0.39926075738770117,0.37995272689443904,0.5333333333333333,0.5215686274509804,0.5215686274509804,1.890551324889865
IMG_0678.png,0.4071285196763805,0.39264119188009367,0.3774984085465211,0.5647058823529412,0.5686274509803921,0.5647058823529412,1.7732362617713466
IMG_0679.png,0.3951080668259202,0.38320918173975194,0.3748359054745136,0.5176470588235295,0.47058823529411764,0.4235294117647059,3.436626307389352
IMG_0680.png,0.41221822118043616,0.40309858942818416,0.39583591902300996,0.5686274509803921,0.5294117647058824,0.47843137254901963,3.080754223068855
IMG_0681.png,0.364880521138083,0.3506495510861488,0.3369932914063366,0.3058823529411765,0.30980392156862746,0.2823529411764706,1.436587863093037
IMG_0683.png,0.34546811243340725,0.35153448349165023,0.35263085057185095,0.25882352941176473,0.2549019607843137,0.2549019607843137,0.926915189271773
IMG_0684.png,0.38542847400514196,0.37106292671509133,0.36094328664015995,0.28627450980392155,0.2823529411764706,0.2784313725490196,0.9007743870126267
IMG_0685.png,0.37432300830743054,0.3499560423791056,0.3329976388501258,0.16470588235294117,0.16862745098039217,0.16862745098039217,3.343207013542447
IMG_0686.png,0.40818682232752057,0.38948118830786005,0.372823822240042,0.4117647058823529,0.40784313725490196,0.396078431372549,1.2583552528000983
IMG_0687.png,0.3615844560074477,0.3460395180048745,0.33393510281310634,0.20784313725490197,0.22745098039215686,0.22745098039215686,4.156146039389774
IMG_0688.png,0.38654716326475846,0.3798188715182663,0.36651184085644356,0.13725490196078433,0.16470588235294117,0.1803921568627451,7.528198704106485
IMG_0743.png,0.5175117295368528,0.4629302226461697,0.43574748993449264,0.6392156862745098,0.5607843137254902,0.5529411764705883,1.0345071676171833
IMG_0745.png,0.36666105162068885,0.35030275212929723,0.3377526223066174,0.3803921568627451,0.34509803921568627,0.3058823529411765,3.1480115766932326
IMG_0746.png,0.4327393409326624,0.3992058312096669,0.3742304724898709,0.43137254901960786,0.403921568627451,0.36470588235294116,0.8422659253490616
IMG_0750.png,0.3862745101514009,0.3773501084329635,0.3681026348127355,0.48627450980392156,0.4823529411764706,0.47843137254901963,0.7463565920887282
IMG_0753.png,0.44377589124039435,0.43391450339433923,0.42141972868584343,0.7176470588235294,0.6705882352941176,0.6196078431372549,2.214914753208295
IMG_0754.png,0.3673746750974132,0.3482484874206886,0.33403024129002434,0.5294117647058824,0.4588235294117647,0.396078431372549,4.499830165933586
IMG_0755.png,0.33059795112280665,0.3273128273347196,0.32411175775131873,0.30196078431372547,0.2784313725490196,0.25882352941176473,3.1442482784226025
IMG_0756.png,0.38293412621411227,0.3603373989999038,0.3417646343021855,0.592156862745098,0.4980392156862745,0.4235294117647059,5.121827333933397
IMG_0757.png,0.37052157111748607,0.3487021946658505,0.3330964946201572,0.3843137254901961,0.34509803921568627,0.3058823529411765,2.817016504300593
IMG_0760.png,0.4191552865368573,0.4013673935933606,0.38519082474112043,0.5686274509803921,0.5333333333333333,0.5019607843137255,0.9393143460687032
IMG_0761.png,0.3674882189668298,0.33932700649638964,0.32059098868356983,0.2823529411764706,0.25882352941176473,0.23137254901960785,1.5331866508273426
IMG_0762.png,0.33396338251866087,0.33500287657543404,0.3305853670580472,0.12549019607843137,0.13725490196078433,0.12941176470588237,2.0331618679391457
IMG_0763.png,0.3765317386103988,0.353501851442663,0.33402914279665896,0.43137254901960786,0.3607843137254902,0.3176470588235294,4.4364092389319545
IMG_0765.png,0.3849568319808352,0.3682604247173859,0.35411166917365716,0.4666666666666667,0.43529411764705883,0.4117647058823529,0.987310557772831
IMG_0766.png,0.3986906876135203,0.3703433929455312,0.34853945005042924,0.5215686274509804,0.44313725490196076,0.38823529411764707,3.764833929936455
IMG_0767.png,0.43552489177778053,0.39844676284743263,0.37492254940838426,0.6549019607843137,0.5529411764705883,0.4980392156862745,2.9851450181046713
IMG_0772.png,0.4050115520588813,0.37977838905383654,0.36337337453013346,0.49019607843137253,0.45098039215686275,0.40784313725490196,1.78492690491338
IMG_0773.png,0.3447102820234628,0.3342059766790916,0.32685684328328257,0.6078431372549019,0.5058823529411764,0.42745098039215684,6.929424679915803
IMG_0774.png,0.3377046070419939,0.3410455018417681,0.34121724502926165,0.24313725490196078,0.24705882352941178,0.23529411764705882,1.2501334990441177
IMG_0775.png,0.35961077860328616,0.34370748381765887,0.33059854241443837,0.47843137254901963,0.4235294117647059,0.3686274509803922,4.074973732218303
IMG_0777.png,0.4027754418872399,0.3776701522430628,0.3576965631130805,0.12156862745098039,0.11372549019607843,0.10980392156862745,0.4756644144344797
IMG_0778.png,0.4069800899215769,0.4000076804779027,0.3876487812474886,0.41568627450980394,0.4,0.3764705882352941,1.1746722812535024
IMG_0780.png,0.31133637241144607,0.2983953595245054,0.2900460133261391,0.1411764705882353,0.13725490196078433,0.12549019607843137,1.454342316026282
IMG_0782.png,0.32308035906523225,0.3418234377536034,0.3540357403314929,0.30980392156862746,0.30980392156862746,0.3058823529411765,2.429773451665855
IMG_0784.png,0.4239189538816182,0.3989280848038613,0.3808037927586958,0.6745098039215687,0.6392156862745098,0.6039215686274509,0.2410765994291562
IMG_0785.png,0.34581357504730903,0.34569953138886317,0.34194048706415886,0.3058823529411765,0.30980392156862746,0.30196078431372547,0.37830302847284025
IMG_0786.png,0.363336441248452,0.3657676254368488,0.36344300450415257,0.3333333333333333,0.33725490196078434,0.32941176470588235,0.41194324915552616
IMG_0788.png,0.41468074022394763,0.3933187647710506,0.3757880353823747,0.6313725490196078,0.5882352941176471,0.5450980392156862,1.1299513012596853
IMG_0789.png,0.38566942200778415,0.37336966010928224,0.3603226491244937,0.40784313725490196,0.3843137254901961,0.36470588235294116,1.0392696740856202
IMG_0790.png,0.3935763062022757,0.3695446827141146,0.3515725241565625,0.19607843137254902,0.18823529411764706,0.1803921568627451,0.7279162934396695
IMG_0791.png,0.3779071568542049,0.3544353473975335,0.3371870071591938,0.6,0.5019607843137255,0.42745098039215684,5.21121684870099
IMG_0792.png,0.3816530276302079,0.3663387293116247,0.35424291944103276,0.41568627450980394,0.39215686274509803,0.3607843137254902,1.5968524638189106
IMG_0793.png,0.3402199051730843,0.34088149819095437,0.3398664932860673,0.21176470588235294,0.21176470588235294,0.20392156862745098,0.9595265997611496
IMG_0794.png,0.3938353189535716,0.3715061658988953,0.3529925011505473,0.41568627450980394,0.37254901960784315,0.34509803921568627,1.8496093752897826
IMG_0795.png,0.33977419334919867,0.3404229108592069,0.33895126219655725,0.24313725490196078,0.24705882352941178,0.23921568627450981,0.6532092062594808
IMG_0797.png,0.3692421964178041,0.37566879129318925,0.37578053669477435,0.47843137254901963,0.44313725490196076,0.4,4.566613044625109
IMG_0799.png,0.3639507273920586,0.3498908511943868,0.3364785879094089,0.19607843137254902,0.21568627450980393,0.20784313725490197,3.6516506971462332
IMG_0800.png,0.3515880441952568,0.34809686010811436,0.3437810516758679,0.17647058823529413,0.17254901960784313,0.16862745098039217,0.5390497178379855
IMG_0801.png,0.3545894858119927,0.3529790743807192,0.3463773470216024,0.25882352941176473,0.2627450980392157,0.2549019607843137,0.4637299610161202
IMG_0802.png,0.39593477310348013,0.3781978277221485,0.3639662807499112,0.2784313725490196,0.2980392156862745,0.30980392156862746,4.4788529111062045
IMG_0803.png,0.4516972539998453,0.4458271282215873,0.43684441390358986,0.29411764705882354,0.28627450980392155,0.25882352941176473,2.3284217990466143
IMG_0804.png,0.5026383230217899,0.4386073685622773,0.4121559115490596,0.5019607843137255,0.4470588235294118,0.39215686274509803,1.5325294020024913
IMG_0805.png,0.38843171177253094,0.3767652162605999,0.36403109044957205,0.32941176470588235,0.3254901960784314,0.30980392156862746,0.4644186617088257
IMG_0806.png,0.42503791462081153,0.4065252031357881,0.39394120005420996,0.5882352941176471,0.5529411764705883,0.5294117647058824,0.6950405140648415
IMG_0807.png,0.5516772464277494,0.47647459441264894,0.44279891022655915,0.5176470588235295,0.4470588235294118,0.41568627450980394,0.012983711151885001
IMG_0810.png,0.37372270867727586,0.3604029508337447,0.3476899276195752,0.10588235294117647,0.11764705882352941,0.10980392156862745,3.4778449879127318
IMG_0811.png,0.3786386760738424,0.3708917791921874,0.36122067120047896,0.3215686274509804,0.3254901960784314,0.3254901960784314,1.3863478032330694
IMG_0812.png,0.3818008628040724,0.3820361258907545,0.38035130108424714,0.47058823529411764,0.47058823529411764,0.4588235294117647,0.5700776099295806
IMG_0813.png,0.3661621552087443,0.36679688003272515,0.3645461116517811,0.35294117647058826,0.3568627450980392,0.35294117647058826,0.2184585999099154
IMG_0814.png,0.38129208219915556,0.36829689801590615,0.35761065437016154,0.44313725490196076,0.4117647058823529,0.3843137254901961,1.8272020197387933
IMG_0815.png,0.4449413710092158,0.4137280045894274,0.3983351678494222,0.6392156862745098,0.5764705882352941,0.5333333333333333,1.6412561735304987
IMG_0816.png,0.34944984965973164,0.3524003910721267,0.348110648744411,0.38823529411764707,0.39215686274509803,0.3843137254901961,0.19596115674573736
IMG_0817.png,0.37163574610221456,0.36358094076929964,0.3572821146026489,0.37254901960784315,0.37254901960784315,0.36470588235294116,0.552213546794165
IMG_0818.png,0.3549735589394367,0.3542378349381086,0.35040696307902797,0.22745098039215686,0.22745098039215686,0.2235294117647059,0.15513980169358238
IMG_0819.png,0.3777889183197132,0.36484698041134395,0.3549557018682016,0.5568627450980392,0.5529411764705883,0.5490196078431373,1.1333099338501886
IMG_0822.png,0.3669170234772575,0.3604555794854978,0.353326513816364,0.3215686274509804,0.3254901960784314,0.3176470588235294,0.7593190642022846
IMG_0823.png,0.4263664646318235,0.40393713942165466,0.3850483540513575,0.48627450980392156,0.4470588235294118,0.403921568627451,1.9434768064348973
IMG_0824.png,0.3458897963130267,0.3412577854067801,0.3329083713694622,0.14901960784313725,0.1568627450980392,0.14901960784313725,1.5354294764636667
IMG_0825.png,0.4943426973205972,0.4683920171365099,0.45513735388247667,0.4117647058823529,0.4117647058823529,0.403921568627451,1.6155094138656825
IMG_0826.png,0.4494720747316352,0.4380587158938102,0.4321961990622462,0.42745098039215684,0.43137254901960786,0.42745098039215684,1.008913978933943
IMG_0828.png,0.468288338302888,0.4101093386180545,0.3894355784499422,0.49019607843137253,0.3568627450980392,0.3686274509803922,4.448817091206643
IMG_0829.png,0.4246226967360248,0.3924025518172268,0.37322558795121585,0.5137254901960784,0.4823529411764706,0.4549019607843137,0.38172143538614167
IMG_0830.png,0.3974624586042282,0.38114716184836794,0.36696549137271284,0.2980392156862745,0.2784313725490196,0.27450980392156865,0.6747787313092877
IMG_0832.png,0.38224836507874327,0.37009699091479437,0.35804040585165847,0.3254901960784314,0.32941176470588235,0.3215686274509804,1.3410113799508476
IMG_0833.png,0.34255388980784046,0.33905146584944,0.32994305545811614,0.23529411764705882,0.23921568627450981,0.23529411764705882,0.9027667686975102
IMG_0834.png,0.3267674479741197,0.32917691429932017,0.32348580480553996,0.24313725490196078,0.24705882352941178,0.24705882352941178,0.620004258020835
IMG_0835.png,0.393949776923035,0.3664243895331425,0.34528490465458184,0.4823529411764706,0.4588235294117647,0.43529411764705883,0.7265484401936548
IMG_0836.png,0.28702929203735605,0.3323447271685298,0.3611686243939309,0.5764705882352941,0.611764705882353,0.6509803921568628,2.566738979509569
IMG_0837.png,0.18893584551584128,0.30344366194239597,0.37492908158698146,0.3764705882352941,0.47843137254901963,0.5450980392156862,6.390678046755272
IMG_0838.png,0.2604878589065091,0.33902297198244463,0.3804467469631644,0.34901960784313724,0.47058823529411764,0.5568627450980392,2.0124936726544402
IMG_0839.png,0.29311008178831255,0.36278174974515387,0.3988611789420101,0.2901960784313726,0.4392156862745098,0.5215686274509804,5.818800557629082
IMG_0840.png,0.2647902294551546,0.3353453879706024,0.3754769731291069,0.30980392156862746,0.4196078431372549,0.5058823529411764,3.1293180374195644
IMG_0841.png,0.3870894005451134,0.3672093668053594,0.3511498823804835,0.29411764705882354,0.2980392156862745,0.28627450980392155,1.8654276063334654
IMG_0843.png,0.350186508286245,0.34905520784370464,0.346896911276428,0.3176470588235294,0.3176470588235294,0.30196078431372547,1.147401782952562
IMG_0844.png,0.3574626896744887,0.3524519842114089,0.3478353518869866,0.3137254901960784,0.29411764705882354,0.26666666666666666,3.1546586102329264
IMG_0845.png,0.36650951604858545,0.36370274583660306,0.353268490427694,0.17647058823529413,0.1803921568627451,0.17647058823529413,0.91199756492908
IMG_0846.png,0.38733322828073324,0.36798482215643247,0.3530643340525814,0.25882352941176473,0.23529411764705882,0.20392156862745098,3.3898650814978177
IMG_0847.png,0.14033851165521716,0.2865091802161282,0.3756795908147945,0.06666666666666667,0.1803921568627451,0.27450980392156865,6.396239648289599
IMG_0849.png,0.3415531874087037,0.3475475840820037,0.350478632887018,0.06274509803921569,0.09019607843137255,0.09803921568627451,9.642511142455218
IMG_0851.png,0.15602340950395197,0.2877813291449195,0.3688711322685403,0.10980392156862745,0.22745098039215686,0.32941176470588235,4.4521720865627925
IMG_0854.png,0.17535128230475658,0.3006916981006689,0.37521754732320006,0.047058823529411764,0.10196078431372549,0.1411764705882353,5.624117075707994
IMG_0855.png,0.40112845826689336,0.3902222696271472,0.378078431754288,0.45098039215686275,0.4196078431372549,0.396078431372549,1.6816034349129616
IMG_0858.png,0.2943941274308111,0.33141054815620735,0.35484468176253775,0.23529411764705882,0.2549019607843137,0.2627450980392157,1.7622229379986898
IMG_0859.png,0.39626726346041263,0.3984243272198941,0.3932225435818446,0.25098039215686274,0.23529411764705882,0.2196078431372549,2.9465530633192913
IMG_0860.png,0.4094757818120343,0.3825308864133861,0.3605810227932509,0.43137254901960786,0.3568627450980392,0.30980392156862746,4.819260436450934
IMG_0861.png,0.4710768972368351,0.4292931070475469,0.41197555635809396,0.3333333333333333,0.44313725490196076,0.5411764705882353,14.13452065697966
IMG_0862.png,0.2635164765704954,0.3749238687028741,0.42105320695843435,0.35294117647058826,0.3254901960784314,0.2784313725490196,15.84552150554472
IMG_0863.png,0.3178632161073219,0.32336524651104703,0.3283460438637428,0.12941176470588237,0.16470588235294117,0.16862745098039217,5.831948507412196
IMG_0865.png,0.3905305343192783,0.38703767924825017,0.37883081106347966,0.3607843137254902,0.33725490196078434,0.32941176470588235,1.6319592924927058
IMG_0866.png,0.31214998457609144,0.35900222065222553,0.38332857429990724,0.2784313725490196,0.2980392156862745,0.29411764705882354,3.469085562762121
IMG_0867.png,0.3729860614477095,0.3566461583089093,0.34137167061402884,0.403921568627451,0.32941176470588235,0.27058823529411763,7.192048575615848
IMG_0869.png,0.4461250145023793,0.4176076918791899,0.39644931674991263,0.45098039215686275,0.38823529411764707,0.30980392156862746,5.846305560439348
IMG_0870.png,0.3625039322600411,0.358163163040341,0.3524592136123733,0.18823529411764706,0.18823529411764706,0.18823529411764706,0.6588174355080778
IMG_0872.png,0.3929686931098698,0.36691769443441147,0.3527845573300528,0.027450980392156862,0.0392156862745098,0.0392156862745098,11.374903153019963
IMG_0873.png,0.3705402072217773,0.3580060341517901,0.34510479214724016,0.0784313725490196,0.08235294117647059,0.08235294117647059,2.865826557811287
IMG_0876.png,0.3743115327078662,0.36664025895439656,0.36226136213763893,0.0784313725490196,0.09019607843137255,0.08627450980392157,3.919692853872109
IMG_0877.png,0.3789200014271599,0.37062396134577075,0.3610169532858998,0.11372549019607843,0.11764705882352941,0.11372549019607843,1.4286947368955236
IMG_0878.png,0.37629135397562874,0.36729129108550573,0.3546130430812361,0.2627450980392157,0.25882352941176473,0.2549019607843137,0.689628858666499
IMG_0879.png,0.4121653328949439,0.39603684215866963,0.3808582259749854,0.2784313725490196,0.2823529411764706,0.23921568627450981,2.8862236346381227
IMG_0880.png,0.4076502639434254,0.3934032171139123,0.3810716392138852,0.13333333333333333,0.13725490196078433,0.13725490196078433,2.2975735593646966
IMG_0882.png,0.37944374232755484,0.3645615504840333,0.35007474995595145,0.3843137254901961,0.3803921568627451,0.3686274509803922,0.9583688790900335
IMG_0884.png,0.34989192560210786,0.33970153772517436,0.33193940933494626,0.20784313725490197,0.20784313725490197,0.19607843137254902,0.8828184218236472
IMG_0885.png,0.2718715876756228,0.34069872093245634,0.3782750177324084,0.27058823529411763,0.38823529411764707,0.4745098039215686,4.9369339780229895
IMG_0886.png,0.25137680098073817,0.3549677768261367,0.40690114673965155,0.13725490196078433,0.25882352941176473,0.33725490196078434,7.821671722786854
IMG_0887.png,0.3279879361358991,0.34702176009891456,0.35824441147152974,0.1803921568627451,0.2549019607843137,0.2980392156862745,9.167098591597899
IMG_0888.png,0.3263541268762739,0.3590457929198291,0.3749413659608174,0.2901960784313726,0.35294117647058826,0.39215686274509803,3.675457769295983
IMG_0891.png,0.2903906451725965,0.36233117544057974,0.39522016861402853,0.37254901960784315,0.3686274509803922,0.3254901960784314,10.07425311749902
IMG_0892.png,0.2328589267095431,0.32552409567637935,0.37753541284723197,0.22745098039215686,0.3568627450980392,0.42745098039215684,2.9408420544568084
IMG_0893.png,0.21767645719329598,0.3239231192515183,0.38193315456972776,0.1843137254901961,0.29411764705882354,0.37254901960784315,2.9355171510333764
IMG_0894.png,0.2160843918098212,0.3057961377534975,0.3613448041698707,0.2549019607843137,0.36470588235294116,0.47058823529411764,2.6313836512299464
IMG_0895.png,0.23145987871509965,0.32710655581638004,0.381198121517404,0.2235294117647059,0.3254901960784314,0.40784313725490196,2.4250578580754802
IMG_0896.png,0.36847183573783826,0.3579322675490904,0.34587561473088324,0.1607843137254902,0.1607843137254902,0.14901960784313725,0.9938725770872737
IMG_0900.png,0.3233218570274676,0.35720565623925093,0.385358185961772,0.3254901960784314,0.4392156862745098,0.5372549019607843,7.193494410065401
IMG_0901.png,0.2885574500568797,0.3383189316212789,0.3699718559677516,0.07450980392156863,0.12941176470588237,0.16862745098039217,11.512845123694303
