8D5U5524.png,0.4627450980392157,0.4627450980392157,0.4588235294117647
8D5U5525.png,0.596078431372549,0.6078431372549019,0.6
8D5U5526.png,0.26666666666666666,0.3568627450980392,0.35294117647058826
8D5U5527.png,0.5254901960784314,0.5803921568627451,0.592156862745098
8D5U5528.png,0.35294117647058826,0.4235294117647059,0.41568627450980394
8D5U5533.png,0.4588235294117647,0.44313725490196076,0.4117647058823529
8D5U5534.png,0.4823529411764706,0.48627450980392156,0.48627450980392156
8D5U5536.png,0.5882352941176471,0.5529411764705883,0.47843137254901963
8D5U5537.png,0.37254901960784315,0.3764705882352941,0.3411764705882353
8D5U5538.png,0.3333333333333333,0.37254901960784315,0.36470588235294116
8D5U5539.png,0.6431372549019608,0.6823529411764706,0.6705882352941176
8D5U5541.png,0.803921568627451,0.796078431372549,0.788235294117647
8D5U5543.png,0.3176470588235294,0.30196078431372547,0.2627450980392157
8D5U5544.png,0.4588235294117647,0.4117647058823529,0.3333333333333333
8D5U5545.png,0.1843137254901961,0.27058823529411763,0.25882352941176473
8D5U5549.png,0.3803921568627451,0.4627450980392157,0.48627450980392156
8D5U5550.png,0.15294117647058825,0.23137254901960785,0.2901960784313726
8D5U5552.png,0.403921568627451,0.4627450980392157,0.47058823529411764
8D5U5553.png,0.3058823529411765,0.32941176470588235,0.3176470588235294
8D5U5555.png,0.5568627450980392,0.5686274509803921,0.5529411764705883
8D5U5556.png,0.21176470588235294,0.2901960784313726,0.2980392156862745
8D5U5558.png,0.24313725490196078,0.29411764705882354,0.28627450980392155
8D5U5560.png,0.592156862745098,0.6196078431372549,0.6
8D5U5561.png,0.6784313725490196,0.6470588235294118,0.592156862745098
8D5U5563.png,0.4980392156862745,0.4745098039215686,0.44313725490196076
8D5U5564.png,0.8470588235294118,0.788235294117647,0.7490196078431373
8D5U5565.png,0.8156862745098039,0.7568627450980392,0.6980392156862745
8D5U5566.png,0.803921568627451,0.7529411764705882,0.7176470588235294
8D5U5567.png,0.19215686274509805,0.38823529411764707,0.49019607843137253
8D5U5570.png,0.7568627450980392,0.6901960784313725,0.6196078431372549
8D5U5571.png,0.12549019607843137,0.3411764705882353,0.49411764705882355
8D5U5572.png,0.5254901960784314,0.47058823529411764,0.42745098039215684
8D5U5573.png,0.7725490196078432,0.7333333333333333,0.6745098039215687
8D5U5574.png,0.5490196078431373,0.5568627450980392,0.5058823529411764
8D5U5576.png,0.8980392156862745,0.8470588235294118,0.792156862745098
8D5U5577.png,0.611764705882353,0.5176470588235295,0.41568627450980394
8D5U5578.png,0.10980392156862745,0.1607843137254902,0.2
8D5U5579.png,0.6980392156862745,0.6666666666666666,0.592156862745098
8D5U5580.png,0.27058823529411763,0.3254901960784314,0.3686274509803922
8D5U5581.png,0.3411764705882353,0.3254901960784314,0.3058823529411765
8D5U5582.png,0.27450980392156865,0.2823529411764706,0.25882352941176473
8D5U5583.png,0.615686274509804,0.5098039215686274,0.39215686274509803
8D5U5584.png,0.4627450980392157,0.37254901960784315,0.30196078431372547
8D5U5585.png,0.5411764705882353,0.44313725490196076,0.34509803921568627
8D5U5586.png,0.5647058823529412,0.5372549019607843,0.49019607843137253
8D5U5587.png,0.26666666666666666,0.24313725490196078,0.20392156862745098
8D5U5588.png,0.5019607843137255,0.48627450980392156,0.4588235294117647
8D5U5589.png,0.5058823529411764,0.47843137254901963,0.403921568627451
8D5U5592.png,0.41568627450980394,0.396078431372549,0.34901960784313724
8D5U5594.png,0.28627450980392155,0.2784313725490196,0.2627450980392157
8D5U5596.png,0.12156862745098039,0.2,0.25098039215686274
8D5U5597.png,0.4392156862745098,0.4588235294117647,0.47843137254901963
8D5U5599.png,0.2901960784313726,0.4745098039215686,0.5686274509803921
8D5U5600.png,0.17254901960784313,0.3137254901960784,0.38823529411764707
8D5U5601.png,0.3803921568627451,0.3803921568627451,0.3764705882352941
8D5U5602.png,0.6509803921568628,0.6901960784313725,0.6784313725490196
8D5U5604.png,0.4117647058823529,0.4196078431372549,0.41568627450980394
8D5U5606.png,0.4117647058823529,0.44313725490196076,0.4392156862745098
8D5U5607.png,0.6,0.5764705882352941,0.5411764705882353
8D5U5608.png,0.7254901960784313,0.6784313725490196,0.6078431372549019
8D5U5611.png,0.10980392156862745,0.3411764705882353,0.4980392156862745
8D5U5613.png,0.1411764705882353,0.39215686274509803,0.5529411764705883
8D5U5615.png,0.11764705882352941,0.2549019607843137,0.3686274509803922
8D5U5617.png,0.1450980392156863,0.3215686274509804,0.4235294117647059
8D5U5618.png,0.30980392156862746,0.5019607843137255,0.592156862745098
8D5U5620.png,0.17647058823529413,0.4392156862745098,0.5607843137254902
IMG_0281.png,0.23137254901960785,0.23529411764705882,0.23137254901960785
IMG_0283.png,0.5058823529411764,0.48627450980392156,0.4823529411764706
IMG_0284.png,0.5647058823529412,0.45098039215686275,0.44313725490196076
IMG_0285.png,0.4235294117647059,0.4235294117647059,0.4235294117647059
IMG_0286.png,0.28627450980392155,0.29411764705882354,0.29411764705882354
IMG_0287.png,0.3607843137254902,0.37254901960784315,0.37254901960784315
IMG_0290.png,0.18823529411764706,0.2,0.19607843137254902
IMG_0291.png,0.16862745098039217,0.18823529411764706,0.1843137254901961
IMG_0293.png,0.34901960784313724,0.32941176470588235,0.2980392156862745
IMG_0295.png,0.2980392156862745,0.28627450980392155,0.2823529411764706
IMG_0297.png,0.3176470588235294,0.30196078431372547,0.2901960784313726
IMG_0298.png,0.1843137254901961,0.1803921568627451,0.17254901960784313
IMG_0300.png,0.36470588235294116,0.3333333333333333,0.30196078431372547
IMG_0302.png,0.3333333333333333,0.34509803921568627,0.34901960784313724
IMG_0303.png,0.42745098039215684,0.403921568627451,0.38823529411764707
IMG_0305.png,0.4235294117647059,0.42745098039215684,0.4196078431372549
IMG_0306.png,0.26666666666666666,0.24313725490196078,0.23529411764705882
IMG_0307.png,0.39215686274509803,0.36470588235294116,0.3411764705882353
IMG_0310.png,0.3254901960784314,0.3215686274509804,0.3254901960784314
IMG_0313.png,0.34901960784313724,0.36470588235294116,0.37254901960784315
IMG_0315.png,0.6509803921568628,0.5882352941176471,0.5647058823529412
IMG_0316.png,0.2823529411764706,0.29411764705882354,0.3058823529411765
IMG_0317.png,0.7607843137254902,0.6901960784313725,0.6588235294117647
IMG_0320.png,0.4235294117647059,0.3843137254901961,0.3568627450980392
IMG_0321.png,0.2196078431372549,0.19607843137254902,0.1803921568627451
IMG_0323.png,0.4235294117647059,0.403921568627451,0.3764705882352941
IMG_0324.png,0.43529411764705883,0.40784313725490196,0.37254901960784315
IMG_0325.png,0.48627450980392156,0.44313725490196076,0.4117647058823529
IMG_0327.png,0.5882352941176471,0.5686274509803921,0.5450980392156862
IMG_0328.png,0.30980392156862746,0.29411764705882354,0.27058823529411763
IMG_0329.png,0.1803921568627451,0.17254901960784313,0.1607843137254902
IMG_0334.png,0.44313725490196076,0.4235294117647059,0.41568627450980394
IMG_0335.png,0.5137254901960784,0.4549019607843137,0.42745098039215684
IMG_0336.png,0.24705882352941178,0.25098039215686274,0.24705882352941178
IMG_0337.png,0.3843137254901961,0.3686274509803922,0.36470588235294116
IMG_0340.png,0.39215686274509803,0.3764705882352941,0.3607843137254902
IMG_0341.png,0.4,0.3686274509803922,0.3333333333333333
IMG_0342.png,0.792156862745098,0.7215686274509804,0.6901960784313725
IMG_0343.png,0.5137254901960784,0.5019607843137255,0.49019607843137253
IMG_0344.png,0.3803921568627451,0.33725490196078434,0.3137254901960784
IMG_0350.png,0.3568627450980392,0.3607843137254902,0.3568627450980392
IMG_0351.png,0.5647058823529412,0.5647058823529412,0.5725490196078431
IMG_0352.png,0.5647058823529412,0.5215686274509804,0.5176470588235295
IMG_0353.png,0.38823529411764707,0.38823529411764707,0.39215686274509803
IMG_0355.png,0.5176470588235295,0.4745098039215686,0.4470588235294118
IMG_0361.png,0.21568627450980393,0.21568627450980393,0.20784313725490197
IMG_0362.png,0.1803921568627451,0.1843137254901961,0.1803921568627451
IMG_0363.png,0.4588235294117647,0.4470588235294118,0.44313725490196076
IMG_0364.png,0.3333333333333333,0.3137254901960784,0.29411764705882354
IMG_0365.png,0.6588235294117647,0.6470588235294118,0.6627450980392157
IMG_0366.png,0.615686274509804,0.5882352941176471,0.6039215686274509
IMG_0367.png,0.40784313725490196,0.43529411764705883,0.4549019607843137
IMG_0368.png,0.47058823529411764,0.47058823529411764,0.47843137254901963
IMG_0370.png,0.32941176470588235,0.32941176470588235,0.32941176470588235
IMG_0372.png,0.3607843137254902,0.3607843137254902,0.3568627450980392
IMG_0374.png,0.4666666666666667,0.4117647058823529,0.396078431372549
IMG_0375.png,0.6313725490196078,0.596078431372549,0.5725490196078431
IMG_0376.png,0.4980392156862745,0.4666666666666667,0.4588235294117647
IMG_0378.png,0.5529411764705883,0.5294117647058824,0.5098039215686274
IMG_0379.png,0.3803921568627451,0.3843137254901961,0.3843137254901961
IMG_0380.png,0.3058823529411765,0.30980392156862746,0.30980392156862746
IMG_0382.png,0.7137254901960784,0.6588235294117647,0.611764705882353
IMG_0383.png,0.3254901960784314,0.29411764705882354,0.2549019607843137
IMG_0384.png,0.3333333333333333,0.3215686274509804,0.28627450980392155
IMG_0385.png,0.7450980392156863,0.7450980392156863,0.7450980392156863
IMG_0386.png,0.6784313725490196,0.6745098039215687,0.6666666666666666
IMG_0387.png,0.7294117647058823,0.6862745098039216,0.6392156862745098
IMG_0388.png,0.6196078431372549,0.5490196078431373,0.49411764705882355
IMG_0389.png,0.8549019607843137,0.803921568627451,0.7607843137254902
IMG_0390.png,0.6392156862745098,0.615686274509804,0.596078431372549
IMG_0392.png,0.20392156862745098,0.2,0.19607843137254902
IMG_0394.png,0.4196078431372549,0.4196078431372549,0.4235294117647059
IMG_0395.png,0.39215686274509803,0.3803921568627451,0.3764705882352941
IMG_0396.png,0.4392156862745098,0.4117647058823529,0.37254901960784315
IMG_0398.png,0.4823529411764706,0.4980392156862745,0.49411764705882355
IMG_0399.png,0.40784313725490196,0.4196078431372549,0.4196078431372549
IMG_0400.png,0.5490196078431373,0.5607843137254902,0.5647058823529412
IMG_0401.png,0.2627450980392157,0.25882352941176473,0.24313725490196078
IMG_0402.png,0.2627450980392157,0.2627450980392157,0.25882352941176473
IMG_0403.png,0.4627450980392157,0.4549019607843137,0.4470588235294118
IMG_0404.png,0.396078431372549,0.4,0.4
IMG_0407.png,0.4745098039215686,0.43137254901960786,0.4235294117647059
IMG_0408.png,0.7647058823529411,0.7254901960784313,0.6784313725490196
IMG_0409.png,0.8784313725490196,0.8588235294117647,0.8392156862745098
IMG_0410.png,0.2627450980392157,0.29411764705882354,0.3137254901960784
IMG_0411.png,0.28627450980392155,0.2901960784313726,0.28627450980392155
IMG_0412.png,0.5254901960784314,0.5019607843137255,0.47843137254901963
IMG_0413.png,0.41568627450980394,0.39215686274509803,0.3803921568627451
IMG_0416.png,0.32941176470588235,0.28627450980392155,0.25098039215686274
IMG_0417.png,0.6588235294117647,0.5686274509803921,0.4980392156862745
IMG_0418.png,0.18823529411764706,0.18823529411764706,0.17647058823529413
IMG_0419.png,0.45098039215686275,0.45098039215686275,0.4549019607843137
IMG_0420.png,0.33725490196078434,0.3137254901960784,0.2823529411764706
IMG_0423.png,0.32941176470588235,0.3137254901960784,0.30196078431372547
IMG_0424.png,0.37254901960784315,0.36470588235294116,0.35294117647058826
IMG_0425.png,0.3686274509803922,0.34901960784313724,0.32941176470588235
IMG_0426.png,0.32941176470588235,0.3215686274509804,0.30980392156862746
IMG_0427.png,0.6078431372549019,0.5725490196078431,0.5411764705882353
IMG_0428.png,0.2823529411764706,0.2627450980392157,0.23137254901960785
IMG_0429.png,0.4549019607843137,0.4470588235294118,0.44313725490196076
IMG_0432.png,0.4235294117647059,0.403921568627451,0.3843137254901961
IMG_0433.png,0.07058823529411765,0.08235294117647059,0.0784313725490196
IMG_0434.png,0.4627450980392157,0.43529411764705883,0.42745098039215684
IMG_0435.png,0.49019607843137253,0.4823529411764706,0.4745098039215686
IMG_0437.png,0.33725490196078434,0.33725490196078434,0.3254901960784314
IMG_0438.png,0.3568627450980392,0.3686274509803922,0.3607843137254902
IMG_0439.png,0.21568627450980393,0.19215686274509805,0.1607843137254902
IMG_0441.png,0.22745098039215686,0.2196078431372549,0.20392156862745098
IMG_0442.png,0.47058823529411764,0.42745098039215684,0.3843137254901961
IMG_0443.png,0.5294117647058824,0.4627450980392157,0.403921568627451
IMG_0444.png,0.30196078431372547,0.2980392156862745,0.29411764705882354
IMG_0445.png,0.8470588235294118,0.7803921568627451,0.7137254901960784
IMG_0446.png,0.6392156862745098,0.5568627450980392,0.4980392156862745
IMG_0448.png,0.5254901960784314,0.48627450980392156,0.43137254901960786
IMG_0450.png,0.403921568627451,0.3843137254901961,0.3568627450980392
IMG_0451.png,0.3411764705882353,0.3215686274509804,0.2901960784313726
IMG_0452.png,0.3176470588235294,0.2980392156862745,0.2784313725490196
IMG_0453.png,0.5647058823529412,0.5098039215686274,0.4745098039215686
IMG_0456.png,0.24705882352941178,0.20392156862745098,0.1607843137254902
IMG_0457.png,0.6470588235294118,0.5882352941176471,0.5372549019607843
IMG_0460.png,0.1450980392156863,0.1568627450980392,0.14901960784313725
IMG_0461.png,0.1803921568627451,0.20784313725490197,0.21176470588235294
IMG_0462.png,0.34901960784313724,0.38823529411764707,0.41568627450980394
IMG_0463.png,0.12941176470588237,0.15294117647058825,0.1803921568627451
IMG_0464.png,0.26666666666666666,0.2627450980392157,0.2549019607843137
IMG_0465.png,0.08627450980392157,0.09411764705882353,0.08627450980392157
IMG_0467.png,0.20392156862745098,0.1803921568627451,0.1568627450980392
IMG_0468.png,0.4,0.42745098039215684,0.4392156862745098
IMG_0469.png,0.3803921568627451,0.3333333333333333,0.2901960784313726
IMG_0470.png,0.5372549019607843,0.5529411764705883,0.5529411764705883
IMG_0471.png,0.8235294117647058,0.8196078431372549,0.8352941176470589
IMG_0472.png,0.5019607843137255,0.5019607843137255,0.5019607843137255
IMG_0474.png,0.4980392156862745,0.4588235294117647,0.47843137254901963
IMG_0477.png,0.3568627450980392,0.3686274509803922,0.3764705882352941
IMG_0479.png,0.42745098039215684,0.4392156862745098,0.4392156862745098
IMG_0481.png,0.25882352941176473,0.28627450980392155,0.2980392156862745
IMG_0482.png,0.23529411764705882,0.13333333333333333,0.12156862745098039
IMG_0484.png,0.6745098039215687,0.6235294117647059,0.5764705882352941
IMG_0485.png,0.2784313725490196,0.3058823529411765,0.2980392156862745
IMG_0486.png,0.30196078431372547,0.30196078431372547,0.27450980392156865
IMG_0487.png,0.4549019607843137,0.4117647058823529,0.40784313725490196
IMG_0488.png,0.2784313725490196,0.3215686274509804,0.36470588235294116
IMG_0489.png,0.43529411764705883,0.3843137254901961,0.3607843137254902
IMG_0490.png,0.2784313725490196,0.26666666666666666,0.23921568627450981
IMG_0492.png,0.3686274509803922,0.37254901960784315,0.37254901960784315
IMG_0493.png,0.2235294117647059,0.22745098039215686,0.2235294117647059
IMG_0494.png,0.3843137254901961,0.43529411764705883,0.4745098039215686
IMG_0495.png,0.7294117647058823,0.6588235294117647,0.596078431372549
IMG_0496.png,0.3607843137254902,0.3607843137254902,0.34509803921568627
IMG_0497.png,0.6235294117647059,0.5490196078431373,0.49411764705882355
IMG_0498.png,0.4588235294117647,0.43529411764705883,0.41568627450980394
IMG_0500.png,0.592156862745098,0.5490196078431373,0.5058823529411764
IMG_0501.png,0.5058823529411764,0.47058823529411764,0.43529411764705883
IMG_0502.png,0.5098039215686274,0.44313725490196076,0.39215686274509803
IMG_0503.png,0.5137254901960784,0.5294117647058824,0.5294117647058824
IMG_0504.png,0.49019607843137253,0.5098039215686274,0.5254901960784314
IMG_0505.png,0.23137254901960785,0.22745098039215686,0.21568627450980393
IMG_0506.png,0.42745098039215684,0.4117647058823529,0.39215686274509803
IMG_0507.png,0.1803921568627451,0.1803921568627451,0.16862745098039217
IMG_0508.png,0.403921568627451,0.35294117647058826,0.30980392156862746
IMG_0511.png,0.4627450980392157,0.41568627450980394,0.3803921568627451
IMG_0513.png,0.49411764705882355,0.47843137254901963,0.4588235294117647
IMG_0514.png,0.396078431372549,0.3254901960784314,0.26666666666666666
IMG_0515.png,0.44313725490196076,0.396078431372549,0.3333333333333333
IMG_0516.png,0.8117647058823529,0.6745098039215687,0.7254901960784313
IMG_0517.png,0.5294117647058824,0.4980392156862745,0.47058823529411764
IMG_0519.png,0.4196078431372549,0.4196078431372549,0.4117647058823529
IMG_0520.png,0.18823529411764706,0.20392156862745098,0.21176470588235294
IMG_0521.png,0.4823529411764706,0.47058823529411764,0.43137254901960786
IMG_0522.png,0.3568627450980392,0.3607843137254902,0.3607843137254902
IMG_0523.png,0.6078431372549019,0.6078431372549019,0.6039215686274509
IMG_0524.png,0.803921568627451,0.7372549019607844,0.6901960784313725
IMG_0525.png,0.6078431372549019,0.5607843137254902,0.5176470588235295
IMG_0526.png,0.2901960784313726,0.29411764705882354,0.28627450980392155
IMG_0527.png,0.48627450980392156,0.4823529411764706,0.4823529411764706
IMG_0529.png,0.615686274509804,0.5098039215686274,0.4823529411764706
IMG_0530.png,0.5411764705882353,0.5176470588235295,0.47843137254901963
IMG_0531.png,0.5137254901960784,0.5568627450980392,0.596078431372549
IMG_0533.png,0.5176470588235295,0.5254901960784314,0.5294117647058824
IMG_0534.png,0.6352941176470588,0.6431372549019608,0.6470588235294118
IMG_0538.png,0.2784313725490196,0.3215686274509804,0.33725490196078434
IMG_0539.png,0.13333333333333333,0.17647058823529413,0.20392156862745098
IMG_0540.png,0.2549019607843137,0.2980392156862745,0.32941176470588235
IMG_0542.png,0.17647058823529413,0.2627450980392157,0.3411764705882353
IMG_0544.png,0.30980392156862746,0.4666666666666667,0.5764705882352941
IMG_0546.png,0.1411764705882353,0.1568627450980392,0.1568627450980392
IMG_0547.png,0.42745098039215684,0.42745098039215684,0.4117647058823529
IMG_0550.png,0.23137254901960785,0.2823529411764706,0.42745098039215684
IMG_0551.png,0.17647058823529413,0.18823529411764706,0.21568627450980393
IMG_0552.png,0.06274509803921569,0.09803921568627451,0.11764705882352941
IMG_0553.png,0.21568627450980393,0.37254901960784315,0.4588235294117647
IMG_0554.png,0.3607843137254902,0.4588235294117647,0.5254901960784314
IMG_0555.png,0.4235294117647059,0.5882352941176471,0.6901960784313725
IMG_0556.png,0.35294117647058826,0.5372549019607843,0.6705882352941176
IMG_0558.png,0.14901960784313725,0.1803921568627451,0.2196078431372549
IMG_0559.png,0.47843137254901963,0.43529411764705883,0.4549019607843137
IMG_0560.png,0.5098039215686274,0.6666666666666666,0.7725490196078432
IMG_0562.png,0.058823529411764705,0.10196078431372549,0.12941176470588237
IMG_0563.png,0.18823529411764706,0.1803921568627451,0.15294117647058825
IMG_0565.png,0.16470588235294117,0.23921568627450981,0.2980392156862745
IMG_0566.png,0.050980392156862744,0.08235294117647059,0.08627450980392157
IMG_0567.png,0.17254901960784313,0.2627450980392157,0.35294117647058826
IMG_0568.png,0.09803921568627451,0.10588235294117647,0.10588235294117647
IMG_0570.png,0.18823529411764706,0.18823529411764706,0.1843137254901961
IMG_0571.png,0.07450980392156863,0.09019607843137255,0.09019607843137255
IMG_0572.png,0.2627450980392157,0.2627450980392157,0.25098039215686274
IMG_0574.png,0.28627450980392155,0.3764705882352941,0.396078431372549
IMG_0575.png,0.27058823529411763,0.3411764705882353,0.3333333333333333
IMG_0576.png,0.20784313725490197,0.26666666666666666,0.30980392156862746
IMG_0577.png,0.12941176470588237,0.20784313725490197,0.27058823529411763
IMG_0578.png,0.06274509803921569,0.12156862745098039,0.16470588235294117
IMG_0581.png,0.21176470588235294,0.32941176470588235,0.42745098039215684
IMG_0585.png,0.3686274509803922,0.3411764705882353,0.3215686274509804
IMG_0587.png,0.1450980392156863,0.23137254901960785,0.3137254901960784
IMG_0588.png,0.24313725490196078,0.34509803921568627,0.43529411764705883
IMG_0589.png,0.27450980392156865,0.38823529411764707,0.4823529411764706
IMG_0592.png,0.1843137254901961,0.3333333333333333,0.403921568627451
IMG_0593.png,0.44313725490196076,0.5803921568627451,0.6823529411764706
IMG_0595.png,0.12156862745098039,0.19607843137254902,0.2549019607843137
IMG_0596.png,0.2196078431372549,0.35294117647058826,0.43137254901960786
IMG_0597.png,0.396078431372549,0.3568627450980392,0.3843137254901961
IMG_0598.png,0.6549019607843137,0.6549019607843137,0.6196078431372549
IMG_0600.png,0.07450980392156863,0.12941176470588237,0.16862745098039217
IMG_0601.png,0.15294117647058825,0.24705882352941178,0.3215686274509804
IMG_0603.png,0.1803921568627451,0.23137254901960785,0.26666666666666666
IMG_0605.png,0.4392156862745098,0.4117647058823529,0.403921568627451
IMG_0606.png,0.19607843137254902,0.16862745098039217,0.1450980392156863
IMG_0607.png,0.1568627450980392,0.23921568627450981,0.2784313725490196
IMG_0608.png,0.1568627450980392,0.2549019607843137,0.34901960784313724
IMG_0609.png,0.3254901960784314,0.3058823529411765,0.28627450980392155
IMG_0610.png,0.23529411764705882,0.29411764705882354,0.3333333333333333
IMG_0611.png,0.3764705882352941,0.403921568627451,0.43137254901960786
IMG_0612.png,0.2627450980392157,0.36470588235294116,0.4
IMG_0613.png,0.16470588235294117,0.2,0.2627450980392157
IMG_0615.png,0.33725490196078434,0.34901960784313724,0.3568627450980392
IMG_0616.png,0.10196078431372549,0.13725490196078433,0.15294117647058825
IMG_0617.png,0.5294117647058824,0.6313725490196078,0.7215686274509804
IMG_0618.png,0.2235294117647059,0.34509803921568627,0.4117647058823529
IMG_0619.png,0.22745098039215686,0.33725490196078434,0.45098039215686275
IMG_0620.png,0.23137254901960785,0.3333333333333333,0.4392156862745098
IMG_0622.png,0.3333333333333333,0.44313725490196076,0.5529411764705883
IMG_0623.png,0.13333333333333333,0.20784313725490197,0.2784313725490196
IMG_0624.png,0.17254901960784313,0.20784313725490197,0.21568627450980393
IMG_0625.png,0.3137254901960784,0.396078431372549,0.4745098039215686
IMG_0626.png,0.0784313725490196,0.10588235294117647,0.13333333333333333
IMG_0627.png,0.12156862745098039,0.13333333333333333,0.12941176470588237
IMG_0628.png,0.27058823529411763,0.27058823529411763,0.25882352941176473
IMG_0629.png,0.2,0.3333333333333333,0.45098039215686275
IMG_0630.png,0.08627450980392157,0.1568627450980392,0.21176470588235294
IMG_0631.png,0.3215686274509804,0.4627450980392157,0.5686274509803921
IMG_0632.png,0.10588235294117647,0.18823529411764706,0.2549019607843137
IMG_0633.png,0.2549019607843137,0.3215686274509804,0.35294117647058826
IMG_0634.png,0.2196078431372549,0.24705882352941178,0.27450980392156865
IMG_0635.png,0.2784313725490196,0.3607843137254902,0.40784313725490196
IMG_0636.png,0.1607843137254902,0.1568627450980392,0.15294117647058825
IMG_0637.png,0.16470588235294117,0.1607843137254902,0.1568627450980392
IMG_0661.png,0.2901960784313726,0.27450980392156865,0.26666666666666666
IMG_0666.png,0.22745098039215686,0.23137254901960785,0.22745098039215686
IMG_0670.png,0.2980392156862745,0.3411764705882353,0.35294117647058826
IMG_0671.png,0.5490196078431373,0.5098039215686274,0.4823529411764706
IMG_0672.png,0.41568627450980394,0.4235294117647059,0.41568627450980394
IMG_0673.png,0.4,0.4,0.4
IMG_0675.png,0.6392156862745098,0.615686274509804,0.592156862745098
IMG_0676.png,0.49019607843137253,0.47058823529411764,0.4470588235294118
IMG_0677.png,0.5333333333333333,0.5215686274509804,0.5215686274509804
IMG_0678.png,0.5647058823529412,0.5686274509803921,0.5647058823529412
IMG_0679.png,0.5176470588235295,0.47058823529411764,0.4235294117647059
IMG_0680.png,0.5686274509803921,0.5294117647058824,0.47843137254901963
IMG_0681.png,0.3058823529411765,0.30980392156862746,0.2823529411764706
IMG_0683.png,0.25882352941176473,0.2549019607843137,0.2549019607843137
IMG_0684.png,0.28627450980392155,0.2823529411764706,0.2784313725490196
IMG_0685.png,0.16470588235294117,0.16862745098039217,0.16862745098039217
IMG_0686.png,0.4117647058823529,0.40784313725490196,0.396078431372549
IMG_0687.png,0.20784313725490197,0.22745098039215686,0.22745098039215686
IMG_0688.png,0.13725490196078433,0.16470588235294117,0.1803921568627451
IMG_0743.png,0.6392156862745098,0.5607843137254902,0.5529411764705883
IMG_0745.png,0.3803921568627451,0.34509803921568627,0.3058823529411765
IMG_0746.png,0.43137254901960786,0.403921568627451,0.36470588235294116
IMG_0750.png,0.48627450980392156,0.4823529411764706,0.47843137254901963
IMG_0753.png,0.7176470588235294,0.6705882352941176,0.6196078431372549
IMG_0754.png,0.5294117647058824,0.4588235294117647,0.396078431372549
IMG_0755.png,0.30196078431372547,0.2784313725490196,0.25882352941176473
IMG_0756.png,0.592156862745098,0.4980392156862745,0.4235294117647059
IMG_0757.png,0.3843137254901961,0.34509803921568627,0.3058823529411765
IMG_0760.png,0.5686274509803921,0.5333333333333333,0.5019607843137255
IMG_0761.png,0.2823529411764706,0.25882352941176473,0.23137254901960785
IMG_0762.png,0.12549019607843137,0.13725490196078433,0.12941176470588237
IMG_0763.png,0.43137254901960786,0.3607843137254902,0.3176470588235294
IMG_0765.png,0.4666666666666667,0.43529411764705883,0.4117647058823529
IMG_0766.png,0.5215686274509804,0.44313725490196076,0.38823529411764707
IMG_0767.png,0.6549019607843137,0.5529411764705883,0.4980392156862745
IMG_0772.png,0.49019607843137253,0.45098039215686275,0.40784313725490196
IMG_0773.png,0.6078431372549019,0.5058823529411764,0.42745098039215684
IMG_0774.png,0.24313725490196078,0.24705882352941178,0.23529411764705882
IMG_0775.png,0.47843137254901963,0.4235294117647059,0.3686274509803922
IMG_0777.png,0.12156862745098039,0.11372549019607843,0.10980392156862745
IMG_0778.png,0.41568627450980394,0.4,0.3764705882352941
IMG_0780.png,0.1411764705882353,0.13725490196078433,0.12549019607843137
IMG_0782.png,0.30980392156862746,0.30980392156862746,0.3058823529411765
IMG_0784.png,0.6745098039215687,0.6392156862745098,0.6039215686274509
IMG_0785.png,0.3058823529411765,0.30980392156862746,0.30196078431372547
IMG_0786.png,0.3333333333333333,0.33725490196078434,0.32941176470588235
IMG_0788.png,0.6313725490196078,0.5882352941176471,0.5450980392156862
IMG_0789.png,0.40784313725490196,0.3843137254901961,0.36470588235294116
IMG_0790.png,0.19607843137254902,0.18823529411764706,0.1803921568627451
IMG_0791.png,0.6,0.5019607843137255,0.42745098039215684
IMG_0792.png,0.41568627450980394,0.39215686274509803,0.3607843137254902
IMG_0793.png,0.21176470588235294,0.21176470588235294,0.20392156862745098
IMG_0794.png,0.41568627450980394,0.37254901960784315,0.34509803921568627
IMG_0795.png,0.24313725490196078,0.24705882352941178,0.23921568627450981
IMG_0797.png,0.47843137254901963,0.44313725490196076,0.4
IMG_0799.png,0.19607843137254902,0.21568627450980393,0.20784313725490197
IMG_0800.png,0.17647058823529413,0.17254901960784313,0.16862745098039217
IMG_0801.png,0.25882352941176473,0.2627450980392157,0.2549019607843137
IMG_0802.png,0.2784313725490196,0.2980392156862745,0.30980392156862746
IMG_0803.png,0.29411764705882354,0.28627450980392155,0.25882352941176473
IMG_0804.png,0.5019607843137255,0.4470588235294118,0.39215686274509803
IMG_0805.png,0.32941176470588235,0.3254901960784314,0.30980392156862746
IMG_0806.png,0.5882352941176471,0.5529411764705883,0.5294117647058824
IMG_0807.png,0.5176470588235295,0.4470588235294118,0.41568627450980394
IMG_0810.png,0.10588235294117647,0.11764705882352941,0.10980392156862745
IMG_0811.png,0.3215686274509804,0.3254901960784314,0.3254901960784314
IMG_0812.png,0.47058823529411764,0.47058823529411764,0.4588235294117647
IMG_0813.png,0.35294117647058826,0.3568627450980392,0.35294117647058826
IMG_0814.png,0.44313725490196076,0.4117647058823529,0.3843137254901961
IMG_0815.png,0.6392156862745098,0.5764705882352941,0.5333333333333333
IMG_0816.png,0.38823529411764707,0.39215686274509803,0.3843137254901961
IMG_0817.png,0.37254901960784315,0.37254901960784315,0.36470588235294116
IMG_0818.png,0.22745098039215686,0.22745098039215686,0.2235294117647059
IMG_0819.png,0.5568627450980392,0.5529411764705883,0.5490196078431373
IMG_0822.png,0.3215686274509804,0.3254901960784314,0.3176470588235294
IMG_0823.png,0.48627450980392156,0.4470588235294118,0.403921568627451
IMG_0824.png,0.14901960784313725,0.1568627450980392,0.14901960784313725
IMG_0825.png,0.4117647058823529,0.4117647058823529,0.403921568627451
IMG_0826.png,0.42745098039215684,0.43137254901960786,0.42745098039215684
IMG_0828.png,0.49019607843137253,0.3568627450980392,0.3686274509803922
IMG_0829.png,0.5137254901960784,0.4823529411764706,0.4549019607843137
IMG_0830.png,0.2980392156862745,0.2784313725490196,0.27450980392156865
IMG_0832.png,0.3254901960784314,0.32941176470588235,0.3215686274509804
IMG_0833.png,0.23529411764705882,0.23921568627450981,0.23529411764705882
IMG_0834.png,0.24313725490196078,0.24705882352941178,0.24705882352941178
IMG_0835.png,0.4823529411764706,0.4588235294117647,0.43529411764705883
IMG_0836.png,0.5764705882352941,0.611764705882353,0.6509803921568628
IMG_0837.png,0.3764705882352941,0.47843137254901963,0.5450980392156862
IMG_0838.png,0.34901960784313724,0.47058823529411764,0.5568627450980392
IMG_0839.png,0.2901960784313726,0.4392156862745098,0.5215686274509804
IMG_0840.png,0.30980392156862746,0.4196078431372549,0.5058823529411764
IMG_0841.png,0.29411764705882354,0.2980392156862745,0.28627450980392155
IMG_0843.png,0.3176470588235294,0.3176470588235294,0.30196078431372547
IMG_0844.png,0.3137254901960784,0.29411764705882354,0.26666666666666666
IMG_0845.png,0.17647058823529413,0.1803921568627451,0.17647058823529413
IMG_0846.png,0.25882352941176473,0.23529411764705882,0.20392156862745098
IMG_0847.png,0.06666666666666667,0.1803921568627451,0.27450980392156865
IMG_0849.png,0.06274509803921569,0.09019607843137255,0.09803921568627451
IMG_0851.png,0.10980392156862745,0.22745098039215686,0.32941176470588235
IMG_0854.png,0.047058823529411764,0.10196078431372549,0.1411764705882353
IMG_0855.png,0.45098039215686275,0.4196078431372549,0.396078431372549
IMG_0858.png,0.23529411764705882,0.2549019607843137,0.2627450980392157
IMG_0859.png,0.25098039215686274,0.23529411764705882,0.2196078431372549
IMG_0860.png,0.43137254901960786,0.3568627450980392,0.30980392156862746
IMG_0861.png,0.3333333333333333,0.44313725490196076,0.5411764705882353
IMG_0862.png,0.35294117647058826,0.3254901960784314,0.2784313725490196
IMG_0863.png,0.12941176470588237,0.16470588235294117,0.16862745098039217
IMG_0865.png,0.3607843137254902,0.33725490196078434,0.32941176470588235
IMG_0866.png,0.2784313725490196,0.2980392156862745,0.29411764705882354
IMG_0867.png,0.403921568627451,0.32941176470588235,0.27058823529411763
IMG_0869.png,0.45098039215686275,0.38823529411764707,0.30980392156862746
IMG_0870.png,0.18823529411764706,0.18823529411764706,0.18823529411764706
IMG_0872.png,0.027450980392156862,0.0392156862745098,0.0392156862745098
IMG_0873.png,0.0784313725490196,0.08235294117647059,0.08235294117647059
IMG_0876.png,0.0784313725490196,0.09019607843137255,0.08627450980392157
IMG_0877.png,0.11372549019607843,0.11764705882352941,0.11372549019607843
IMG_0878.png,0.2627450980392157,0.25882352941176473,0.2549019607843137
IMG_0879.png,0.2784313725490196,0.2823529411764706,0.23921568627450981
IMG_0880.png,0.13333333333333333,0.13725490196078433,0.13725490196078433
IMG_0882.png,0.3843137254901961,0.3803921568627451,0.3686274509803922
IMG_0884.png,0.20784313725490197,0.20784313725490197,0.19607843137254902
IMG_0885.png,0.27058823529411763,0.38823529411764707,0.4745098039215686
IMG_0886.png,0.13725490196078433,0.25882352941176473,0.33725490196078434
IMG_0887.png,0.1803921568627451,0.2549019607843137,0.2980392156862745
IMG_0888.png,0.2901960784313726,0.35294117647058826,0.39215686274509803
IMG_0891.png,0.37254901960784315,0.3686274509803922,0.3254901960784314
IMG_0892.png,0.22745098039215686,0.3568627450980392,0.42745098039215684
IMG_0893.png,0.1843137254901961,0.29411764705882354,0.37254901960784315
IMG_0894.png,0.2549019607843137,0.36470588235294116,0.47058823529411764
IMG_0895.png,0.2235294117647059,0.3254901960784314,0.40784313725490196
IMG_0896.png,0.1607843137254902,0.1607843137254902,0.14901960784313725
IMG_0900.png,0.3254901960784314,0.4392156862745098,0.5372549019607843
IMG_0901.png,0.07450980392156863,0.12941176470588237,0.16862745098039217
